,timestamp,open (USD),high (USD),low (USD),close (USD),open (USD).1,high (USD).1,low (USD).1,close (USD).1,volume,market cap (USD)
0,2021-07-22,196.77,198.95,195.5,197.39,196.77,198.95,195.5,197.39,3898.00423,3898.00423
1,2021-07-21,182.89,200.41,178.92,196.77,182.89,200.41,178.92,196.77,123449.12482,123449.12482
2,2021-07-20,189.1,191.63,178.6,182.89,189.1,191.63,178.6,182.89,129942.42816,129942.42816
3,2021-07-19,199.51,200.4,187.56,189.02,199.51,200.4,187.56,189.02,104598.70387,104598.70387
4,2021-07-18,197.61,205.0,196.87,199.41,197.61,205.0,196.87,199.41,69717.77611,69717.77611
5,2021-07-17,192.89,199.72,191.0,197.56,192.89,199.72,191.0,197.56,69494.96323,69494.96323
6,2021-07-16,196.67,200.0,191.33,192.95,196.67,200.0,191.33,192.95,88632.01419,88632.01419
7,2021-07-15,203.42,205.56,190.17,196.71,203.42,205.56,190.17,196.71,96234.28883,96234.28883
8,2021-07-14,203.8,205.04,192.24,203.38,203.8,205.04,192.24,203.38,89484.6842,89484.6842
9,2021-07-13,206.17,211.58,200.39,203.83,206.17,211.58,200.39,203.83,82552.12103,82552.12103
10,2021-07-12,211.88,216.81,203.04,206.25,211.88,216.81,203.04,206.25,80874.38255,80874.38255
11,2021-07-11,209.66,214.68,207.88,211.52,209.66,214.68,207.88,211.52,59523.5112,59523.5112
12,2021-07-10,212.86,217.63,206.74,209.7,212.86,217.63,206.74,209.7,71042.4183,71042.4183
13,2021-07-09,205.27,215.0,199.69,212.87,205.27,215.0,199.69,212.87,78935.16088,78935.16088
14,2021-07-08,215.01,215.77,201.82,205.23,215.01,215.77,201.82,205.23,108787.59766,108787.59766
15,2021-07-07,221.74,231.61,214.21,215.17,221.74,231.61,214.21,215.17,106321.98914,106321.98914
16,2021-07-06,214.45,222.34,211.77,221.75,214.45,222.34,211.77,221.75,96336.9229,96336.9229
17,2021-07-05,219.87,220.55,205.63,214.47,219.87,220.55,205.63,214.47,101846.00844,101846.00844
18,2021-07-04,214.83,225.3,212.88,219.92,214.83,225.3,212.88,219.92,85565.30008,85565.30008
19,2021-07-03,211.35,216.35,206.7,214.86,211.35,216.35,206.7,214.86,68396.1177,68396.1177
20,2021-07-02,205.52,211.86,199.3,211.35,205.52,211.86,199.3,211.35,84529.23072,84529.23072
21,2021-07-01,223.09,223.37,203.18,205.44,223.09,223.37,203.18,205.44,124184.65086,124184.65086
22,2021-06-30,217.81,223.84,208.81,223.06,217.81,223.84,208.81,223.06,118266.61867,118266.61867
23,2021-06-29,213.25,227.04,212.17,217.89,213.25,227.04,212.17,217.89,119238.18174,119238.18174
24,2021-06-28,211.92,217.59,205.91,213.17,211.92,217.59,205.91,213.17,110639.16637,110639.16637
25,2021-06-27,202.83,212.05,195.51,211.92,202.83,212.05,195.51,211.92,85327.16509,85327.16509
26,2021-06-26,194.85,202.95,185.13,202.84,194.85,202.95,185.13,202.84,130234.09925,130234.09925
27,2021-06-25,225.76,227.76,192.64,194.95,225.76,227.76,192.64,194.95,174432.91431,174432.91431
28,2021-06-24,218.66,227.26,204.25,225.74,218.66,227.26,204.25,225.74,145645.61889,145645.61889
29,2021-06-23,201.81,224.14,192.59,218.51,201.81,224.14,192.59,218.51,179935.74855,179935.74855
30,2021-06-22,202.98,225.94,180.07,201.81,202.98,225.94,180.07,201.81,326674.32575,326674.32575
31,2021-06-21,264.56,265.71,200.17,203.05,264.56,265.71,200.17,203.05,227728.00656,227728.00656
32,2021-06-20,267.96,271.36,247.66,264.53,267.96,271.36,247.66,264.53,119084.38746,119084.38746
33,2021-06-19,265.88,282.15,263.07,267.9,265.88,282.15,263.07,267.9,125224.15244,125224.15244
34,2021-06-18,277.17,280.0,260.88,265.77,277.17,280.0,260.88,265.77,172250.17329,172250.17329
35,2021-06-17,262.9,281.95,261.77,277.12,262.9,281.95,261.77,277.12,95468.77049,95468.77049
36,2021-06-16,278.14,288.66,259.35,262.94,278.14,288.66,259.35,262.94,106485.21447,106485.21447
37,2021-06-15,275.51,285.5,272.1,278.15,275.51,285.5,272.1,278.15,124525.83183,124525.83183
38,2021-06-14,260.79,275.59,258.44,275.57,260.79,275.59,258.44,275.57,109891.70905,109891.70905
39,2021-06-13,243.06,262.29,237.45,260.75,243.06,262.29,237.45,260.75,71157.77901,71157.77901
40,2021-06-12,242.9,251.8,232.0,243.04,242.9,251.8,232.0,243.04,97936.08283,97936.08283
41,2021-06-11,255.62,258.61,240.33,242.89,255.62,258.61,240.33,242.89,93280.82417,93280.82417
42,2021-06-10,274.77,283.0,254.3,255.6,274.77,283.0,254.3,255.6,143655.2417,143655.2417
43,2021-06-09,253.59,275.31,237.22,274.87,253.59,275.31,237.22,274.87,155100.8423,155100.8423
44,2021-06-08,248.96,255.73,222.27,253.61,248.96,255.73,222.27,253.61,157186.22259,157186.22259
45,2021-06-07,272.5,282.16,247.0,249.02,272.5,282.16,247.0,249.02,117987.97191,117987.97191
46,2021-06-06,263.91,276.9,262.34,272.5,263.91,276.9,262.34,272.5,103782.64721,103782.64721
47,2021-06-05,287.41,295.14,256.91,264.01,287.41,295.14,256.91,264.01,166798.80051,166798.80051
48,2021-06-04,309.62,312.24,267.65,287.36,309.62,312.24,267.65,287.36,156030.11142,156030.11142
49,2021-06-03,294.63,316.23,285.67,309.57,294.63,316.23,285.67,309.57,177007.95518,177007.95518
50,2021-06-02,266.4,295.0,262.5,294.63,266.4,295.0,262.5,294.63,131447.47903,131447.47903
51,2021-06-01,272.11,276.5,252.5,266.37,272.11,276.5,252.5,266.37,136533.41927,136533.41927
52,2021-05-31,261.88,275.86,242.45,272.21,261.88,275.86,242.45,272.21,138570.24074,138570.24074
53,2021-05-30,243.13,268.45,226.02,261.9,243.13,268.45,226.02,261.9,144914.3873,144914.3873
54,2021-05-29,262.3,297.4,229.15,243.16,262.3,297.4,229.15,243.16,376103.62903,376103.62903
55,2021-05-28,252.81,267.22,218.99,262.1,252.81,267.22,218.99,262.1,244055.00517,244055.00517
56,2021-05-27,268.55,269.2,242.89,252.84,268.55,269.2,242.89,252.84,155071.73981,155071.73981
57,2021-05-26,246.66,275.0,242.63,268.53,246.66,275.0,242.63,268.53,189377.88116,189377.88116
58,2021-05-25,256.39,265.5,226.55,246.62,256.39,265.5,226.55,246.62,198293.23228,198293.23228
59,2021-05-24,225.81,256.94,214.66,256.22,225.81,256.94,214.66,256.22,279996.57079,279996.57079
60,2021-05-23,231.03,261.24,174.33,225.5,231.03,261.24,174.33,225.5,474782.73527,474782.73527
61,2021-05-22,256.18,262.59,222.46,231.12,256.18,262.59,222.46,231.12,399180.83523,399180.83523
62,2021-05-21,280.7,329.99,227.02,256.2,280.7,329.99,227.02,256.2,805091.39058,805091.39058
63,2021-05-20,197.58,289.99,180.0,280.79,197.58,289.99,180.0,280.79,443567.52211,443567.52211
64,2021-05-19,340.89,347.0,124.69,197.34,340.89,347.0,124.69,197.34,541247.34555,541247.34555
65,2021-05-18,339.8,360.88,326.23,341.02,339.8,360.88,326.23,341.02,138408.52483,138408.52483
66,2021-05-17,390.55,390.57,329.95,339.87,390.55,390.57,329.95,339.87,210847.14119,210847.14119
67,2021-05-16,382.47,404.47,371.0,390.65,382.47,404.47,371.0,390.65,158043.70334,158043.70334
68,2021-05-15,412.84,441.99,381.05,382.38,412.84,441.99,381.05,382.38,224708.68969,224708.68969
69,2021-05-14,402.43,422.28,394.3,412.91,402.43,422.28,394.3,412.91,112687.6801,112687.6801
70,2021-05-13,395.47,420.97,369.78,402.34,395.47,420.97,369.78,402.34,201834.77761,201834.77761
71,2021-05-12,453.42,480.0,385.3,396.06,453.42,480.0,385.3,396.06,196103.8343,196103.8343
72,2021-05-11,441.56,454.67,420.1,453.41,441.56,454.67,420.1,453.41,155338.82386,155338.82386
73,2021-05-10,484.29,497.55,422.22,441.03,484.29,497.55,422.22,441.03,160293.84112,160293.84112
74,2021-05-09,475.95,486.67,446.08,484.0,475.95,486.67,446.08,484.0,139892.38562,139892.38562
75,2021-05-08,454.74,488.98,451.24,475.59,454.74,488.98,451.24,475.59,179011.98516,179011.98516
76,2021-05-07,422.42,519.13,422.2,454.81,422.42,519.13,422.2,454.81,491677.6696,491677.6696
77,2021-05-06,417.11,435.99,404.25,422.45,417.11,435.99,404.25,422.45,190139.20309,190139.20309
78,2021-05-05,379.53,418.0,375.69,417.16,379.53,418.0,375.69,417.16,137891.45801,137891.45801
79,2021-05-04,411.46,411.95,378.28,379.54,411.46,411.95,378.28,379.54,179530.18136,179530.18136
80,2021-05-03,404.28,426.49,399.16,411.31,404.28,426.49,399.16,411.31,140824.84729,140824.84729
81,2021-05-02,425.77,427.0,400.0,404.46,425.77,427.0,400.0,404.46,85980.8397,85980.8397
82,2021-05-01,421.67,434.56,415.5,425.76,421.67,434.56,415.5,425.76,112349.41376,112349.41376
83,2021-04-30,407.32,423.01,403.1,421.78,407.32,423.01,403.1,421.78,137253.18848,137253.18848
84,2021-04-29,413.28,426.04,399.0,407.32,413.28,426.04,399.0,407.32,126240.6008,126240.6008
85,2021-04-28,401.65,440.0,399.15,413.54,401.65,440.0,399.15,413.54,223848.53162,223848.53162
86,2021-04-27,405.43,413.0,384.78,401.6,405.43,413.0,384.78,401.6,132782.10155,132782.10155
87,2021-04-26,355.35,406.14,340.04,405.46,355.35,406.14,340.04,405.46,208448.37907,208448.37907
88,2021-04-25,381.45,406.45,334.65,355.44,381.45,406.45,334.65,355.44,198016.52708,198016.52708
89,2021-04-24,354.73,397.28,338.01,381.18,354.73,397.28,338.01,381.18,209628.37482,209628.37482
90,2021-04-23,346.77,355.0,300.47,354.37,346.77,355.0,300.47,354.37,303931.55487,303931.55487
91,2021-04-22,375.39,390.99,343.32,346.68,375.39,390.99,343.32,346.68,217278.20616,217278.20616
92,2021-04-21,404.49,426.47,372.5,375.44,404.49,426.47,372.5,375.44,358054.95445,358054.95445
93,2021-04-20,357.45,415.4,328.01,404.34,357.45,415.4,328.01,404.34,453203.21601,453203.21601
94,2021-04-19,338.45,366.25,305.12,358.07,338.45,366.25,305.12,358.07,266251.51766,266251.51766
95,2021-04-18,363.69,376.24,281.0,338.48,363.69,376.24,281.0,338.48,283448.8737,283448.8737
96,2021-04-17,340.61,375.4,340.58,363.77,340.61,375.4,340.58,363.77,214569.34882,214569.34882
97,2021-04-16,344.2,347.0,313.49,340.66,344.2,347.0,313.49,340.66,151851.51493,151851.51493
98,2021-04-15,320.71,347.88,318.4,344.4,320.71,347.88,318.4,344.4,121789.11963,121789.11963
99,2021-04-14,327.62,331.1,308.29,320.65,327.62,331.1,308.29,320.65,126806.44872,126806.44872
100,2021-04-13,314.29,331.38,307.0,327.43,314.29,331.38,307.0,327.43,156125.65899,156125.65899
101,2021-04-12,328.93,345.0,313.67,314.32,328.93,345.0,313.67,314.32,221086.95365,221086.95365
102,2021-04-11,291.79,329.51,291.35,328.9,291.79,329.51,291.35,328.9,182394.78305,182394.78305
103,2021-04-10,273.37,299.0,272.98,291.72,273.37,299.0,272.98,291.72,181166.11218,181166.11218
104,2021-04-09,269.69,290.0,265.94,273.37,269.69,290.0,265.94,273.37,126545.26566,126545.26566
105,2021-04-08,257.26,271.88,250.54,269.69,257.26,271.88,250.54,269.69,112446.41379,112446.41379
106,2021-04-07,270.73,280.0,252.68,257.44,270.73,280.0,252.68,257.44,186019.49264,186019.49264
107,2021-04-06,265.56,277.2,261.58,270.68,265.56,277.2,261.58,270.68,123865.71576,123865.71576
108,2021-04-05,263.49,270.0,260.0,265.37,263.49,270.0,260.0,265.37,118545.24642,118545.24642
109,2021-04-04,257.2,272.5,247.12,263.6,257.2,272.5,247.12,263.6,159614.35177,159614.35177
110,2021-04-03,257.72,267.22,253.18,257.23,257.72,267.22,253.18,257.23,109072.31411,109072.31411
111,2021-04-02,250.65,261.4,249.0,257.7,250.65,261.4,249.0,257.7,126702.70643,126702.70643
112,2021-04-01,245.82,255.55,244.42,250.65,245.82,255.55,244.42,250.65,110224.84804,110224.84804
113,2021-03-31,244.37,264.0,242.22,245.8,244.37,264.0,242.22,245.8,178369.52639,178369.52639
114,2021-03-30,233.8,247.5,232.28,244.39,233.8,247.5,232.28,244.39,103504.67258,103504.67258
115,2021-03-29,232.64,241.9,230.55,233.8,232.64,241.9,230.55,233.8,108484.63539,108484.63539
116,2021-03-28,221.25,233.0,217.51,232.66,221.25,233.0,217.51,232.66,108768.14933,108768.14933
117,2021-03-27,221.68,223.9,214.03,221.27,221.68,223.9,214.03,221.27,63852.42557,63852.42557
118,2021-03-26,214.45,225.93,214.2,221.7,214.45,225.93,214.2,221.7,75708.88941,75708.88941
119,2021-03-25,210.75,221.48,204.59,214.33,210.75,221.48,204.59,214.33,96580.57907,96580.57907
120,2021-03-24,217.94,230.0,206.58,210.67,217.94,230.0,206.58,210.67,96133.42596,96133.42596
121,2021-03-23,217.11,225.13,211.46,218.02,217.11,225.13,211.46,218.02,99344.8244,99344.8244
122,2021-03-22,231.71,233.27,217.0,217.08,231.71,233.27,217.0,217.08,97236.62201,97236.62201
123,2021-03-21,231.99,238.88,225.79,231.66,231.99,238.88,225.79,231.66,76229.70607,76229.70607
124,2021-03-20,231.42,237.31,230.21,231.95,231.42,237.31,230.21,231.95,55535.75692,55535.75692
125,2021-03-19,228.03,236.01,223.28,231.43,228.03,236.01,223.28,231.43,87290.07264,87290.07264
126,2021-03-18,235.87,240.33,227.53,228.04,235.87,240.33,227.53,228.04,99810.52231,99810.52231
127,2021-03-17,229.92,237.37,225.61,236.2,229.92,237.37,225.61,236.2,103403.79291,103403.79291
128,2021-03-16,221.93,229.99,211.08,229.92,221.93,229.99,211.08,229.92,102570.64095,102570.64095
129,2021-03-15,232.21,238.19,215.39,221.88,232.21,238.19,215.39,221.88,126952.3331,126952.3331
130,2021-03-14,239.44,241.0,229.21,232.25,239.44,241.0,229.21,232.25,90506.24317,90506.24317
131,2021-03-13,222.89,239.46,218.1,239.46,222.89,239.46,218.1,239.46,101280.98881,101280.98881
132,2021-03-12,221.06,226.02,214.9,222.85,221.06,226.02,214.9,222.85,80249.23799,80249.23799
133,2021-03-11,220.16,226.34,212.76,221.11,220.16,226.34,212.76,221.11,88910.63827,88910.63827
134,2021-03-10,224.98,227.39,214.7,220.19,224.98,227.39,214.7,220.19,90560.90849,90560.90849
135,2021-03-09,221.02,228.99,218.04,225.16,221.02,228.99,218.04,225.16,101112.21848,101112.21848
136,2021-03-08,209.07,221.24,204.0,221.08,209.07,221.24,204.0,221.08,104651.61369,104651.61369
137,2021-03-07,204.51,210.27,202.17,208.99,204.51,210.27,202.17,208.99,73427.75486,73427.75486
138,2021-03-06,205.83,208.13,198.15,204.35,205.83,208.13,198.15,204.35,115437.07406,115437.07406
139,2021-03-05,217.31,217.58,202.69,205.84,217.31,217.58,202.69,205.84,88002.69962,88002.69962
140,2021-03-04,218.82,223.93,209.66,217.52,218.82,223.93,209.66,217.52,101341.12347,101341.12347
141,2021-03-03,220.14,228.99,215.65,218.7,220.14,228.99,215.65,218.7,125359.45832,125359.45832
142,2021-03-02,230.56,232.51,211.0,220.04,230.56,232.51,211.0,220.04,99961.5174,99961.5174
143,2021-03-01,219.23,230.72,209.92,230.4,219.23,230.72,209.92,230.4,114755.59135,114755.59135
144,2021-02-28,209.34,227.5,198.24,219.18,209.34,227.5,198.24,219.18,199009.46387,199009.46387
145,2021-02-27,204.16,223.2,203.54,209.26,204.16,223.2,203.54,209.26,124307.97213,124307.97213
146,2021-02-26,198.61,217.92,193.51,204.2,198.61,217.92,193.51,204.2,177306.27464,177306.27464
147,2021-02-25,204.52,218.58,196.0,198.98,204.52,218.58,196.0,198.98,131498.34269,131498.34269
148,2021-02-24,221.04,225.61,197.8,204.27,221.04,225.61,197.8,204.27,212105.58419,212105.58419
149,2021-02-23,224.29,225.57,170.15,220.85,224.29,225.57,170.15,220.85,340782.27824,340782.27824
150,2021-02-22,247.37,248.66,186.95,224.22,247.37,248.66,186.95,224.22,283427.71478,283427.71478
151,2021-02-21,255.02,261.26,243.46,247.28,255.02,261.26,243.46,247.28,159592.20158,159592.20158
152,2021-02-20,282.21,288.8,245.55,255.11,282.21,288.8,245.55,255.11,220107.16037,220107.16037
153,2021-02-19,261.17,283.94,252.5,282.51,261.17,283.94,252.5,282.51,167163.83879,167163.83879
154,2021-02-18,272.11,276.69,246.33,260.94,272.11,276.69,246.33,260.94,159588.32269,159588.32269
155,2021-02-17,221.43,275.0,220.73,272.25,221.43,275.0,220.73,272.25,283425.7372,283425.7372
156,2021-02-16,228.24,237.0,210.22,221.48,228.24,237.0,210.22,221.48,145693.52089,145693.52089
157,2021-02-15,230.13,234.15,200.83,228.21,230.13,234.15,200.83,228.21,224464.36218,224464.36218
158,2021-02-14,241.1,243.2,223.01,230.14,241.1,243.2,223.01,230.14,195501.77804,195501.77804
159,2021-02-13,200.57,255.32,196.39,240.99,200.57,255.32,196.39,240.99,395012.9359,395012.9359
160,2021-02-12,190.48,215.8,190.28,200.64,190.48,215.8,190.28,200.64,284477.16557,284477.16557
161,2021-02-11,175.5,192.55,170.55,190.49,175.5,192.55,170.55,190.49,216880.77219,216880.77219
162,2021-02-10,169.09,183.0,165.0,175.6,169.09,183.0,165.0,175.6,171067.85337,171067.85337
163,2021-02-09,163.09,178.0,158.5,169.14,163.09,178.0,158.5,169.14,154738.08161,154738.08161
164,2021-02-08,150.3,163.84,147.22,163.21,150.3,163.84,147.22,163.21,131063.01992,131063.01992
165,2021-02-07,152.11,156.08,147.21,150.31,152.11,156.08,147.21,150.31,108689.49578,108689.49578
166,2021-02-06,155.46,158.16,152.0,152.06,155.46,158.16,152.0,152.06,98267.18616,98267.18616
167,2021-02-05,148.09,156.43,147.41,155.4,148.09,156.43,147.41,155.4,105835.81866,105835.81866
168,2021-02-04,154.65,155.51,147.68,148.04,154.65,155.51,147.68,148.04,97493.70597,97493.70597
169,2021-02-03,151.2,155.24,150.15,154.6,151.2,155.24,150.15,154.6,107458.32209,107458.32209
170,2021-02-02,143.32,151.97,142.75,151.19,143.32,151.97,142.75,151.19,98757.06911,98757.06911
171,2021-02-01,137.73,146.29,135.64,143.36,137.73,146.29,135.64,143.36,142330.8157,142330.8157
172,2021-01-31,139.44,140.45,132.17,137.73,139.44,140.45,132.17,137.73,81249.04002,81249.04002
173,2021-01-30,140.34,142.18,136.16,139.43,140.34,142.18,136.16,139.43,84838.81419,84838.81419
174,2021-01-29,135.51,150.0,132.07,140.31,135.51,150.0,132.07,140.31,180825.51866,180825.51866
175,2021-01-28,125.41,140.21,123.55,135.43,125.41,140.21,123.55,135.43,216338.01303,216338.01303
176,2021-01-27,137.86,138.18,125.06,125.45,137.86,138.18,125.06,125.45,146810.79287,146810.79287
177,2021-01-26,137.14,141.0,133.2,137.85,137.14,141.0,133.2,137.85,121047.07044,121047.07044
178,2021-01-25,138.04,145.55,136.8,137.16,138.04,145.55,136.8,137.16,107565.03753,107565.03753
179,2021-01-24,139.06,143.06,134.07,138.03,139.06,143.06,134.07,138.03,88779.3568,88779.3568
180,2021-01-23,135.78,141.76,133.74,139.03,135.78,141.76,133.74,139.03,90972.2857,90972.2857
181,2021-01-22,130.54,141.22,121.82,135.79,130.54,141.22,121.82,135.79,156728.55625,156728.55625
182,2021-01-21,152.78,153.14,128.02,130.53,152.78,153.14,128.02,130.53,218967.79624,218967.79624
183,2021-01-20,157.14,161.58,146.02,152.77,157.14,161.58,146.02,152.77,131646.4654,131646.4654
184,2021-01-19,156.93,165.62,152.54,157.27,156.93,165.62,152.54,157.27,206048.40928,206048.40928
185,2021-01-18,159.61,160.81,150.22,156.98,159.61,160.81,150.22,156.98,146966.50805,146966.50805
186,2021-01-17,155.57,164.49,149.77,159.65,155.57,164.49,149.77,159.65,141244.30475,141244.30475
187,2021-01-16,156.99,162.0,152.49,155.56,156.99,162.0,152.49,155.56,96580.18228,96580.18228
188,2021-01-15,163.86,167.82,147.47,156.98,163.86,167.82,147.47,156.98,152092.38865,152092.38865
189,2021-01-14,171.2,171.87,160.61,163.81,171.2,171.87,160.61,163.81,139646.04048,139646.04048
190,2021-01-13,159.16,173.26,152.29,171.55,159.16,173.26,152.29,171.55,161045.00438,161045.00438
191,2021-01-12,157.94,174.24,153.69,159.09,157.94,174.24,153.69,159.09,286848.82637,286848.82637
192,2021-01-11,185.03,186.42,142.0,157.96,185.03,186.42,142.0,157.96,671936.26396,671936.26396
193,2021-01-10,147.36,190.0,147.36,184.89,147.36,190.0,147.36,184.89,516930.37464,516930.37464
194,2021-01-09,142.13,149.05,139.07,147.4,142.13,149.05,139.07,147.4,146593.42187,146593.42187
195,2021-01-08,142.95,150.28,135.37,142.11,142.95,150.28,135.37,142.11,220252.53289,220252.53289
196,2021-01-07,142.37,153.1,139.3,142.9,142.37,153.1,139.3,142.9,270122.85833,270122.85833
197,2021-01-06,136.0,142.37,132.53,142.31,136.0,142.37,132.53,142.31,152929.80342,152929.80342
198,2021-01-05,133.76,139.6,129.04,136.0,133.76,139.6,129.04,136.0,176543.99308,176543.99308
199,2021-01-04,138.24,143.9,128.72,133.79,138.24,143.9,128.72,133.79,222339.6175,222339.6175
200,2021-01-03,143.52,145.08,131.0,138.26,143.52,145.08,131.0,138.26,231236.74832,231236.74832
201,2021-01-02,135.73,145.56,128.32,143.52,135.73,145.56,128.32,143.52,378478.37786,378478.37786
202,2021-01-01,156.2,169.09,130.23,135.81,156.2,169.09,130.23,135.81,361562.691,361562.691
203,2020-12-31,159.55,161.66,155.36,156.22,159.55,161.66,155.36,156.22,69130.22602,69130.22602
204,2020-12-30,161.54,164.26,157.5,159.55,161.54,164.26,157.5,159.55,83783.64252,83783.64252
205,2020-12-29,166.47,167.48,155.0,161.54,166.47,167.48,155.0,161.54,94332.08499,94332.08499
206,2020-12-28,156.99,168.6,156.35,166.64,156.99,168.6,156.35,166.64,83798.08903,83798.08903
207,2020-12-27,168.24,171.32,155.9,156.99,168.24,171.32,155.9,156.99,148301.77178,148301.77178
208,2020-12-26,159.21,168.34,158.79,168.21,159.21,168.34,158.79,168.21,115049.58171,115049.58171
209,2020-12-25,156.72,161.0,152.44,159.14,156.72,161.0,152.44,159.14,92747.62363,92747.62363
210,2020-12-24,150.73,158.79,146.35,156.86,150.73,158.79,146.35,156.86,127817.97842,127817.97842
211,2020-12-23,156.57,169.04,147.93,150.92,156.57,169.04,147.93,150.92,242140.8177,242140.8177
212,2020-12-22,145.66,157.53,143.75,156.56,145.66,157.53,143.75,156.56,88144.81008,88144.81008
213,2020-12-21,152.27,153.67,142.64,145.66,152.27,153.67,142.64,145.66,72514.00597,72514.00597
214,2020-12-20,154.58,156.96,151.0,152.42,154.58,156.96,151.0,152.42,69065.04122,69065.04122
215,2020-12-19,154.61,158.76,153.7,154.6,154.61,158.76,153.7,154.6,69815.6437,69815.6437
216,2020-12-18,160.39,160.48,153.06,154.44,160.39,160.48,153.06,154.44,94632.13838,94632.13838
217,2020-12-17,158.81,163.95,153.8,160.42,158.81,163.95,153.8,160.42,193932.29184,193932.29184
218,2020-12-16,150.5,159.29,147.33,158.93,150.5,159.29,147.33,158.93,143545.97912,143545.97912
219,2020-12-15,152.53,155.61,150.44,150.5,152.53,155.61,150.44,150.5,92104.8752,92104.8752
220,2020-12-14,152.01,157.65,150.49,152.52,152.01,157.65,150.49,152.52,171876.95912,171876.95912
221,2020-12-13,146.75,152.4,143.81,152.12,146.75,152.4,143.81,152.12,107916.2472,107916.2472
222,2020-12-12,141.43,150.0,141.02,146.82,141.43,150.0,141.02,146.82,199705.27348,199705.27348
223,2020-12-11,133.7,142.25,130.0,141.43,133.7,142.25,130.0,141.43,130284.06743,130284.06743
224,2020-12-10,132.45,135.06,129.3,133.6,132.45,135.06,129.3,133.6,76095.94348,76095.94348
225,2020-12-09,135.8,136.01,127.0,132.46,135.8,136.01,127.0,132.46,99010.87271,99010.87271
226,2020-12-08,138.61,143.26,132.68,135.87,138.61,143.26,132.68,135.87,117089.96113,117089.96113
227,2020-12-07,134.37,144.11,133.93,138.61,134.37,144.11,133.93,138.61,177805.88755,177805.88755
228,2020-12-06,133.47,134.71,128.2,134.33,133.47,134.71,128.2,134.33,76285.14568,76285.14568
229,2020-12-05,126.57,133.91,124.26,133.49,126.57,133.91,124.26,133.49,61239.57256,61239.57256
230,2020-12-04,133.39,135.65,126.35,126.57,133.39,135.65,126.35,126.57,106738.55076,106738.55076
231,2020-12-03,127.82,133.72,126.41,133.54,127.82,133.72,126.41,133.54,72157.98175,72157.98175
232,2020-12-02,125.79,129.27,123.7,127.92,125.79,129.27,123.7,127.92,80009.02266,80009.02266
233,2020-12-01,130.65,132.72,120.5,125.79,130.65,132.72,120.5,125.79,129097.47739,129097.47739
234,2020-11-30,123.97,130.77,121.5,130.65,123.97,130.77,121.5,130.65,92935.77272,92935.77272
235,2020-11-29,122.03,125.94,119.19,123.94,122.03,125.94,119.19,123.94,89194.22132,89194.22132
236,2020-11-28,117.33,124.99,114.32,122.03,117.33,124.99,114.32,122.03,84091.39691,84091.39691
237,2020-11-27,119.97,122.17,111.53,117.32,119.97,122.17,111.53,117.32,113857.03218,113857.03218
238,2020-11-26,128.85,132.37,108.07,119.98,128.85,132.37,108.07,119.98,280579.01746,280579.01746
239,2020-11-25,135.07,138.72,125.16,128.8,135.07,138.72,125.16,128.8,180359.3215,180359.3215
240,2020-11-24,129.86,142.85,126.32,135.15,129.86,142.85,126.32,135.15,309909.03792,309909.03792
241,2020-11-23,123.67,131.0,122.4,129.88,123.67,131.0,122.4,129.88,152118.50765,152118.50765
242,2020-11-22,128.49,129.72,119.17,123.65,128.49,129.72,119.17,123.65,146364.0947,146364.0947
243,2020-11-21,121.01,129.53,119.51,128.46,121.01,129.53,119.51,128.46,138732.15351,138732.15351
244,2020-11-20,118.44,123.02,117.95,121.04,118.44,123.02,117.95,121.04,118458.69929,118458.69929
245,2020-11-19,123.55,123.8,116.94,118.49,123.55,123.8,116.94,118.49,107567.94501,107567.94501
246,2020-11-18,125.48,126.5,118.83,123.51,125.48,126.5,118.83,123.51,143792.70839,143792.70839
247,2020-11-17,118.45,125.71,117.79,125.55,118.45,125.71,117.79,125.55,106174.35002,106174.35002
248,2020-11-16,114.62,119.97,113.49,118.52,114.62,119.97,113.49,118.52,93076.75528,93076.75528
249,2020-11-15,116.92,117.98,112.86,114.6,116.92,117.98,112.86,114.6,60211.76256,60211.76256
250,2020-11-14,114.1,117.63,113.15,116.89,114.1,117.63,113.15,116.89,82724.29824,82724.29824
251,2020-11-13,112.16,115.0,111.52,114.09,112.16,115.0,111.52,114.09,72394.10452,72394.10452
252,2020-11-12,113.12,115.06,110.09,112.16,113.12,115.06,110.09,112.16,94916.88949,94916.88949
253,2020-11-11,115.55,118.0,113.12,113.13,115.55,118.0,113.12,113.13,83359.02436,83359.02436
254,2020-11-10,115.89,117.94,114.05,115.54,115.89,117.94,114.05,115.54,57758.17237,57758.17237
255,2020-11-09,120.26,122.1,114.04,115.89,120.26,122.1,114.04,115.89,116465.70322,116465.70322
256,2020-11-08,111.03,120.98,109.61,120.33,111.03,120.98,109.61,120.33,80211.84229,80211.84229
257,2020-11-07,119.34,126.04,109.62,110.96,119.34,126.04,109.62,110.96,165912.07807,165912.07807
258,2020-11-06,119.51,124.26,116.29,119.37,119.51,124.26,116.29,119.37,127649.03125,127649.03125
259,2020-11-05,115.77,125.0,110.5,119.56,115.77,125.0,110.5,119.56,155407.85216,155407.85216
260,2020-11-04,121.18,121.82,113.6,115.67,121.18,121.82,113.6,115.67,121984.35128,121984.35128
261,2020-11-03,118.82,121.47,116.0,121.13,118.82,121.47,116.0,121.13,95292.37729,95292.37729
262,2020-11-02,127.08,128.3,115.57,118.82,127.08,128.3,115.57,118.82,116504.99356,116504.99356
263,2020-11-01,126.53,127.27,123.61,127.08,126.53,127.27,123.61,127.08,46154.30346,46154.30346
264,2020-10-31,122.96,128.3,121.29,126.52,122.96,128.3,121.29,126.52,114364.92277,114364.92277
265,2020-10-30,124.38,125.33,117.95,122.98,124.38,125.33,117.95,122.98,125530.60142,125530.60142
266,2020-10-29,126.32,128.65,121.69,124.38,126.32,128.65,121.69,124.38,117544.60749,117544.60749
267,2020-10-28,133.91,135.46,123.43,126.32,133.91,135.46,123.43,126.32,113742.987,113742.987
268,2020-10-27,131.35,138.03,131.18,133.83,131.35,138.03,131.18,133.83,114560.47849,114560.47849
269,2020-10-26,131.14,139.38,129.0,131.42,131.14,139.38,129.0,131.42,153558.89948,153558.89948
270,2020-10-25,129.3,134.24,127.83,131.08,129.3,134.24,127.83,131.08,90654.93906,90654.93906
271,2020-10-24,127.47,130.0,125.26,129.31,127.47,130.0,125.26,129.31,70316.55393,70316.55393
272,2020-10-23,127.62,127.66,122.41,127.47,127.62,127.66,122.41,127.47,79621.90336,79621.90336
273,2020-10-22,121.23,129.68,119.2,127.6,121.23,129.68,119.2,127.6,124422.52619,124422.52619
274,2020-10-21,118.25,126.35,116.55,121.24,118.25,126.35,116.55,121.24,137501.44444,137501.44444
275,2020-10-20,125.74,127.24,117.15,118.25,125.74,127.24,117.15,118.25,136324.6678,136324.6678
276,2020-10-19,124.37,130.32,122.48,125.77,124.37,130.32,122.48,125.77,129739.70769,129739.70769
277,2020-10-18,120.09,124.51,119.91,124.44,120.09,124.51,119.91,124.44,53838.03846,53838.03846
278,2020-10-17,120.62,122.84,118.92,120.1,120.62,122.84,118.92,120.1,65370.14601,65370.14601
279,2020-10-16,130.22,135.01,119.01,120.62,130.22,135.01,119.01,120.62,155249.71658,155249.71658
280,2020-10-15,128.44,132.45,123.55,130.22,128.44,132.45,123.55,130.22,120962.85721,120962.85721
281,2020-10-14,127.9,133.8,125.0,128.41,127.9,133.8,125.0,128.41,152115.52296,152115.52296
282,2020-10-13,129.0,131.91,123.48,127.97,129.0,131.91,123.48,127.97,143964.68321,143964.68321
283,2020-10-12,125.81,147.41,125.04,129.0,125.81,147.41,125.04,129.0,295707.60391,295707.60391
284,2020-10-11,115.81,129.3,115.39,125.81,115.81,129.3,115.39,125.81,169285.44181,169285.44181
285,2020-10-10,115.91,118.79,115.06,115.88,115.91,118.79,115.06,115.88,107677.61125,107677.61125
286,2020-10-09,111.3,118.14,108.35,115.92,111.3,118.14,108.35,115.92,190546.75779,190546.75779
287,2020-10-08,110.27,112.93,107.49,111.36,110.27,112.93,107.49,111.36,168156.87447,168156.87447
288,2020-10-07,106.44,112.89,102.15,110.29,106.44,112.89,102.15,110.29,182143.74304,182143.74304
289,2020-10-06,112.78,113.89,105.31,106.43,112.78,113.89,105.31,106.43,180700.12474,180700.12474
290,2020-10-05,105.46,114.52,104.11,112.73,105.46,114.52,104.11,112.73,145697.92787,145697.92787
291,2020-10-04,103.56,109.45,101.23,105.46,103.56,109.45,101.23,105.46,95787.39913,95787.39913
292,2020-10-03,101.66,103.99,100.62,103.58,101.66,103.99,100.62,103.58,70280.38961,70280.38961
293,2020-10-02,103.86,105.43,93.52,101.61,103.86,105.43,93.52,101.61,184975.12765,184975.12765
294,2020-10-01,108.6,113.36,101.43,103.74,108.6,113.36,101.43,103.74,270245.94694,270245.94694
295,2020-09-30,100.47,110.47,97.68,108.6,100.47,110.47,97.68,108.6,209871.01799,209871.01799
296,2020-09-29,95.11,101.25,94.25,100.51,95.11,101.25,94.25,100.51,111246.74874,111246.74874
297,2020-09-28,97.14,98.77,94.43,95.12,97.14,98.77,94.43,95.12,91779.64988,91779.64988
298,2020-09-27,94.55,100.0,93.51,97.09,94.55,100.0,93.51,97.09,127456.86482,127456.86482
299,2020-09-26,92.97,95.47,92.24,94.63,92.97,95.47,92.24,94.63,61474.2829,61474.2829
300,2020-09-25,91.81,94.22,90.23,92.93,91.81,94.22,90.23,92.93,94929.66302,94929.66302
301,2020-09-24,87.2,92.15,86.56,91.84,87.2,92.15,86.56,91.84,89982.59084,89982.59084
302,2020-09-23,92.56,94.17,86.35,87.17,92.56,94.17,86.35,87.17,63910.22929,63910.22929
303,2020-09-22,89.08,97.0,87.13,92.56,89.08,97.0,87.13,92.56,88291.06303,88291.06303
304,2020-09-21,92.65,94.51,85.58,89.13,92.65,94.51,85.58,89.13,108979.82079,108979.82079
305,2020-09-20,94.55,94.86,90.47,92.63,94.55,94.86,90.47,92.63,46679.77399,46679.77399
306,2020-09-19,92.49,95.39,91.39,94.61,92.49,95.39,91.39,94.61,45674.94371,45674.94371
307,2020-09-18,92.83,95.14,91.24,92.47,92.83,95.14,91.24,92.47,70538.0763,70538.0763
308,2020-09-17,88.21,94.04,87.38,92.82,88.21,94.04,87.38,92.82,105027.98421,105027.98421
309,2020-09-16,91.18,92.76,87.11,88.27,91.18,92.76,87.11,88.27,80232.1492,80232.1492
310,2020-09-15,91.68,93.17,88.01,91.16,91.68,93.17,88.01,91.16,105692.90687,105692.90687
311,2020-09-14,86.17,95.2,84.31,91.68,86.17,95.2,84.31,91.68,94332.20567,94332.20567
312,2020-09-13,86.72,90.1,85.04,86.18,86.72,90.1,85.04,86.18,105709.03828,105709.03828
313,2020-09-12,84.02,87.15,82.97,86.7,84.02,87.15,82.97,86.7,61834.59049,61834.59049
314,2020-09-11,85.61,85.92,83.0,83.95,85.61,85.92,83.0,83.95,52768.45523,52768.45523
315,2020-09-10,84.27,86.44,83.9,85.61,84.27,86.44,83.9,85.61,71822.28887,71822.28887
316,2020-09-09,84.11,85.87,82.2,84.26,84.11,85.87,82.2,84.26,81912.87014,81912.87014
317,2020-09-08,82.56,84.89,78.62,84.19,82.56,84.89,78.62,84.19,134249.50508,134249.50508
318,2020-09-07,80.14,82.99,76.51,82.56,80.14,82.99,76.51,82.56,85441.17199,85441.17199
319,2020-09-06,77.71,81.24,75.11,80.15,77.71,81.24,75.11,80.15,77662.35402,77662.35402
320,2020-09-05,82.08,83.6,73.93,77.71,82.08,83.6,73.93,77.71,125666.23363,125666.23363
321,2020-09-04,77.11,83.5,76.04,82.08,77.11,83.5,76.04,82.08,122965.94513,122965.94513
322,2020-09-03,91.1,91.59,75.51,77.1,91.1,91.59,75.51,77.1,112692.99628,112692.99628
323,2020-09-02,96.96,97.36,88.0,91.07,96.96,97.36,88.0,91.07,108991.25095,108991.25095
324,2020-09-01,93.14,97.74,91.5,96.99,93.14,97.74,91.5,96.99,100106.62348,100106.62348
325,2020-08-31,96.24,96.74,93.05,93.1,96.24,96.74,93.05,93.1,61803.60686,61803.60686
326,2020-08-30,92.65,96.36,92.65,96.25,92.65,96.36,92.65,96.25,73926.9565,73926.9565
327,2020-08-29,94.44,95.84,92.33,92.65,94.44,95.84,92.33,92.65,89693.80092,89693.80092
328,2020-08-28,89.71,95.58,88.66,94.43,89.71,95.58,88.66,94.43,96663.3562,96663.3562
329,2020-08-27,88.91,90.69,85.57,89.66,88.91,90.69,85.57,89.66,75690.58693,75690.58693
330,2020-08-26,88.53,89.81,87.17,88.93,88.53,89.81,87.17,88.93,62150.57896,62150.57896
331,2020-08-25,93.61,94.0,85.78,88.63,93.61,94.0,85.78,88.63,78507.89071,78507.89071
332,2020-08-24,91.25,94.34,90.25,93.64,91.25,94.34,90.25,93.64,69353.29332,69353.29332
333,2020-08-23,94.58,94.93,90.5,91.26,94.58,94.93,90.5,91.26,63583.77699,63583.77699
334,2020-08-22,92.23,95.03,88.67,94.5,92.23,95.03,88.67,94.5,87794.02814,87794.02814
335,2020-08-21,101.61,106.0,92.1,92.21,101.61,106.0,92.1,92.21,231350.61953,231350.61953
336,2020-08-20,91.27,101.73,91.23,101.56,91.27,101.73,91.23,101.56,181335.3151,181335.3151
337,2020-08-19,93.42,94.49,88.84,91.31,93.42,94.49,88.84,91.31,121114.37435,121114.37435
338,2020-08-18,93.45,97.26,91.44,93.43,93.45,97.26,91.44,93.43,139230.33581,139230.33581
339,2020-08-17,91.22,95.04,89.4,93.49,91.22,95.04,89.4,93.49,97863.2574,97863.2574
340,2020-08-16,89.81,91.42,87.98,91.2,89.81,91.42,87.98,91.2,64581.33925,64581.33925
341,2020-08-15,91.43,92.04,88.97,89.76,91.43,92.04,88.97,89.76,82519.65634,82519.65634
342,2020-08-14,92.02,93.63,89.82,91.42,92.02,93.63,89.82,91.42,102347.9368,102347.9368
343,2020-08-13,89.45,92.26,85.53,92.03,89.45,92.26,85.53,92.03,92458.863,92458.863
344,2020-08-12,87.33,89.86,84.07,89.54,87.33,89.86,84.07,89.54,63829.66797,63829.66797
345,2020-08-11,93.76,94.88,84.16,87.25,93.76,94.88,84.16,87.25,101082.2655,101082.2655
346,2020-08-10,92.91,94.5,88.04,93.76,92.91,94.5,88.04,93.76,77069.76802,77069.76802
347,2020-08-09,94.84,94.99,92.16,92.9,94.84,94.99,92.16,92.9,59988.61546,59988.61546
348,2020-08-08,94.01,95.23,91.71,94.87,94.01,95.23,91.71,94.87,53280.50949,53280.50949
349,2020-08-07,95.45,95.65,90.6,94.01,95.45,95.65,90.6,94.01,111836.08048,111836.08048
350,2020-08-06,90.39,96.52,88.32,95.49,90.39,96.52,88.32,95.49,129605.19828,129605.19828
351,2020-08-05,87.3,90.62,86.13,90.39,87.3,90.62,86.13,90.39,81935.4261,81935.4261
352,2020-08-04,89.06,89.96,85.3,87.24,89.06,89.96,85.3,87.24,102073.67799,102073.67799
353,2020-08-03,84.97,89.68,83.95,89.06,84.97,89.68,83.95,89.06,90141.46134,90141.46134
354,2020-08-02,89.59,91.04,77.77,85.0,89.59,91.04,77.77,85.0,177537.25147,177537.25147
355,2020-08-01,84.49,90.1,83.39,89.64,84.49,90.1,83.39,89.64,121998.23347,121998.23347
356,2020-07-31,80.92,84.64,80.27,84.55,80.92,84.64,80.27,84.55,77189.51886,77189.51886
357,2020-07-30,79.12,82.54,78.44,80.92,79.12,82.54,78.44,80.92,70729.34542,70729.34542
358,2020-07-29,81.2,82.78,78.95,79.11,81.2,82.78,78.95,79.11,103575.6979,103575.6979
359,2020-07-28,78.44,83.33,78.36,81.2,78.44,83.33,78.36,81.2,203136.31945,203136.31945
360,2020-07-27,78.15,79.5,75.03,78.43,78.15,79.5,75.03,78.43,137809.77046,137809.77046
361,2020-07-26,73.62,78.21,73.0,78.16,73.62,78.21,73.0,78.16,106938.84373,106938.84373
362,2020-07-25,71.6,73.96,71.48,73.61,71.6,73.96,71.48,73.61,60379.8989,60379.8989
363,2020-07-24,72.99,73.03,71.32,71.54,72.99,73.03,71.32,71.54,66123.78995,66123.78995
364,2020-07-23,71.45,74.08,70.72,73.02,71.45,74.08,70.72,73.02,96122.80963,96122.80963
365,2020-07-22,69.68,71.5,69.28,71.48,69.68,71.5,69.28,71.48,70904.4756,70904.4756
366,2020-07-21,69.32,71.67,69.08,69.63,69.32,71.67,69.08,69.63,91784.55089,91784.55089
367,2020-07-20,68.91,70.32,68.68,69.31,68.91,70.32,68.68,69.31,61706.1563,61706.1563
368,2020-07-19,68.38,69.07,67.64,68.91,68.38,69.07,67.64,68.91,50175.52466,50175.52466
369,2020-07-18,67.62,69.24,66.96,68.39,67.62,69.24,66.96,68.39,63492.09267,63492.09267
370,2020-07-17,67.69,68.36,67.0,67.64,67.69,68.36,67.0,67.64,55782.76937,55782.76937
371,2020-07-16,70.56,71.55,66.56,67.7,70.56,71.55,66.56,67.7,127159.85073,127159.85073
372,2020-07-15,67.84,72.57,67.38,70.63,67.84,72.57,67.38,70.63,143365.96353,143365.96353
373,2020-07-14,69.18,69.18,66.75,67.81,69.18,69.18,66.75,67.81,67397.34686,67397.34686
374,2020-07-13,69.26,70.08,67.6,69.26,69.26,70.08,67.6,69.26,87607.61178,87607.61178
375,2020-07-12,68.74,70.35,68.0,69.22,68.74,70.35,68.0,69.22,118954.6643,118954.6643
376,2020-07-11,67.29,69.82,67.12,68.74,67.29,69.82,67.12,68.74,99714.96027,99714.96027
377,2020-07-10,67.28,68.32,65.11,67.25,67.28,68.32,65.11,67.25,119226.91481,119226.91481
378,2020-07-09,66.23,69.32,65.0,67.28,66.23,69.32,65.0,67.28,111020.00235,111020.00235
379,2020-07-08,64.64,67.37,64.09,66.27,64.64,67.37,64.09,66.27,98759.86722,98759.86722
380,2020-07-07,64.91,65.14,63.71,64.59,64.91,65.14,63.71,64.59,37895.55614,37895.55614
381,2020-07-06,63.23,65.04,62.8,64.95,63.23,65.04,62.8,64.95,71963.24004,71963.24004
382,2020-07-05,64.23,64.64,61.34,63.33,64.23,64.64,61.34,63.33,115618.84926,115618.84926
383,2020-07-04,62.62,64.85,62.46,64.22,62.62,64.85,62.46,64.22,87714.30112,87714.30112
384,2020-07-03,65.2,67.5,62.41,62.66,65.2,67.5,62.41,62.66,109839.46029,109839.46029
385,2020-07-02,64.51,66.72,62.38,65.2,64.51,66.72,62.38,65.2,99637.90342,99637.90342
386,2020-07-01,63.5,64.86,63.22,64.52,63.5,64.86,63.22,64.52,53259.37691,53259.37691
387,2020-06-30,64.18,64.6,63.27,63.48,64.18,64.6,63.27,63.48,48284.17093,48284.17093
388,2020-06-29,63.31,64.87,62.47,64.19,63.31,64.87,62.47,64.19,42987.61591,42987.61591
389,2020-06-28,62.14,63.62,61.76,63.29,62.14,63.62,61.76,63.29,40556.06977,40556.06977
390,2020-06-27,64.02,64.34,60.26,62.08,64.02,64.34,60.26,62.08,56791.01934,56791.01934
391,2020-06-26,64.28,64.62,63.0,64.0,64.28,64.62,63.0,64.0,48994.17029,48994.17029
392,2020-06-25,64.88,65.12,63.08,64.3,64.88,65.12,63.08,64.3,43956.74942,43956.74942
393,2020-06-24,66.87,67.41,63.98,64.83,66.87,67.41,63.98,64.83,56430.93555,56430.93555
394,2020-06-23,66.16,67.33,65.36,66.87,66.16,67.33,65.36,66.87,60325.62158,60325.62158
395,2020-06-22,64.48,66.93,64.46,66.16,64.48,66.93,64.46,66.16,59815.29234,59815.29234
396,2020-06-21,64.09,65.06,63.84,64.48,64.09,65.06,63.84,64.48,32703.55262,32703.55262
397,2020-06-20,64.13,64.64,63.38,64.06,64.13,64.64,63.38,64.06,38798.8949,38798.8949
398,2020-06-19,64.86,65.34,63.44,64.09,64.86,65.34,63.44,64.09,50851.69336,50851.69336
399,2020-06-18,65.1,65.93,58.06,64.93,65.1,65.93,58.06,64.93,53662.26687,53662.26687
400,2020-06-17,66.01,66.96,64.63,65.09,66.01,66.96,64.63,65.09,40350.45225,40350.45225
401,2020-06-16,64.52,66.0,64.27,66.0,64.52,66.0,64.27,66.0,30699.42907,30699.42907
402,2020-06-15,65.4,65.66,61.87,64.53,65.4,65.66,61.87,64.53,60095.55967,60095.55967
403,2020-06-14,66.54,66.6,64.5,65.39,66.54,66.6,64.5,65.39,32749.56722,32749.56722
404,2020-06-13,65.7,66.58,65.03,66.58,65.7,66.58,65.03,66.58,26907.53083,26907.53083
405,2020-06-12,63.72,66.58,62.91,65.69,63.72,66.58,62.91,65.69,42444.5269,42444.5269
406,2020-06-11,69.69,70.07,63.0,63.71,69.69,70.07,63.0,63.71,66936.74356,66936.74356
407,2020-06-10,68.06,69.71,67.42,69.67,68.06,69.71,67.42,69.67,60364.50507,60364.50507
408,2020-06-09,68.28,68.79,67.08,67.99,68.28,68.79,67.08,67.99,38852.99283,38852.99283
409,2020-06-08,66.4,68.34,66.22,68.28,66.4,68.34,66.22,68.28,44730.64637,44730.64637
410,2020-06-07,67.65,68.14,64.64,66.39,67.65,68.14,64.64,66.39,66950.26871,66950.26871
411,2020-06-06,67.43,68.12,66.96,67.7,67.43,68.12,66.96,67.7,38534.43775,38534.43775
412,2020-06-05,68.13,69.21,67.17,67.45,68.13,69.21,67.17,67.45,37004.31975,37004.31975
413,2020-06-04,67.17,68.75,65.58,68.14,67.17,68.75,65.58,68.14,61016.61846,61016.61846
414,2020-06-03,66.59,68.21,66.03,67.16,66.59,68.21,66.03,67.16,37779.18493,37779.18493
415,2020-06-02,67.72,70.31,63.61,66.66,67.72,70.31,63.61,66.66,78751.55303,78751.55303
416,2020-06-01,64.92,68.47,63.3,67.72,64.92,68.47,63.3,67.72,79408.305,79408.305
417,2020-05-31,68.36,68.7,63.75,64.94,68.36,68.7,63.75,64.94,71165.38539,71165.38539
418,2020-05-30,66.07,68.8,65.33,68.36,66.07,68.8,65.33,68.36,70693.19836,70693.19836
419,2020-05-29,67.13,67.89,65.88,66.05,67.13,67.89,65.88,66.05,51959.2667,51959.2667
420,2020-05-28,64.5,67.56,63.16,67.15,64.5,67.56,63.16,67.15,77866.95229,77866.95229
421,2020-05-27,61.91,65.57,61.34,64.47,61.91,65.57,61.34,64.47,56913.08644,56913.08644
422,2020-05-26,61.58,62.36,60.79,61.91,61.58,62.36,60.79,61.91,41870.14645,41870.14645
423,2020-05-25,60.65,62.4,60.02,61.54,60.65,62.4,60.02,61.54,42997.96878,42997.96878
424,2020-05-24,63.46,63.71,60.58,60.64,63.46,63.71,60.58,60.64,54021.43623,54021.43623
425,2020-05-23,62.89,65.0,62.57,63.46,62.89,65.0,62.57,63.46,43248.60649,43248.60649
426,2020-05-22,61.65,63.54,61.0,62.89,61.65,63.54,61.0,62.89,61318.05756,61318.05756
427,2020-05-21,64.69,65.14,59.96,61.65,64.69,65.14,59.96,61.65,65248.26749,65248.26749
428,2020-05-20,66.71,67.09,63.01,64.66,66.71,67.09,63.01,64.66,66764.83721,66764.83721
429,2020-05-19,67.02,67.61,64.89,66.7,67.02,67.61,64.89,66.7,55491.29068,55491.29068
430,2020-05-18,65.21,67.78,65.01,66.96,65.21,67.78,65.01,66.96,59379.1646,59379.1646
431,2020-05-17,65.43,67.15,64.73,65.22,65.43,67.15,64.73,65.22,54596.30641,54596.30641
432,2020-05-16,62.73,65.88,62.03,65.42,62.73,65.88,62.03,65.42,62814.41423,62814.41423
433,2020-05-15,65.24,65.72,62.34,62.77,65.24,65.72,62.34,62.77,81238.96785,81238.96785
434,2020-05-14,65.03,65.77,62.66,65.28,65.03,65.77,62.66,65.28,100135.35976,100135.35976
435,2020-05-13,61.54,66.23,61.41,65.0,61.54,66.23,61.41,65.0,116846.55614,116846.55614
436,2020-05-12,59.41,62.37,59.16,61.5,59.41,62.37,59.16,61.5,67381.49689,67381.49689
437,2020-05-11,58.77,61.98,55.7,59.36,58.77,61.98,55.7,59.36,139601.77309,139601.77309
438,2020-05-10,62.97,63.15,53.25,58.85,62.97,63.15,53.25,58.85,134564.75291,134564.75291
439,2020-05-09,63.43,64.92,62.62,63.05,63.43,64.92,62.62,63.05,67357.01938,67357.01938
440,2020-05-08,64.59,65.93,63.06,63.39,64.59,65.93,63.06,63.39,146156.29752,146156.29752
441,2020-05-07,57.8,64.98,57.2,64.6,57.8,64.98,57.2,64.6,172064.24404,172064.24404
442,2020-05-06,60.33,62.06,57.36,57.85,60.33,62.06,57.36,57.85,126465.45997,126465.45997
443,2020-05-05,61.09,62.02,59.7,60.31,61.09,62.02,59.7,60.31,57308.97616,57308.97616
444,2020-05-04,62.42,62.61,58.53,61.06,62.42,62.61,58.53,61.06,73522.35412,73522.35412
445,2020-05-03,64.55,65.12,61.73,62.37,64.55,65.12,61.73,62.37,51250.93487,51250.93487
446,2020-05-02,63.45,64.97,63.29,64.54,63.45,64.97,63.29,64.54,27670.26567,27670.26567
447,2020-05-01,62.26,65.0,62.2,63.45,62.26,65.0,62.2,63.45,49802.91724,49802.91724
448,2020-04-30,66.31,68.42,61.11,62.28,66.31,68.42,61.11,62.28,125526.44439,125526.44439
449,2020-04-29,62.05,66.89,61.63,66.32,62.05,66.89,61.63,66.32,125685.27454,125685.27454
450,2020-04-28,62.4,63.83,61.22,62.07,62.4,63.83,61.22,62.07,81842.32202,81842.32202
451,2020-04-27,61.36,62.48,60.91,62.36,61.36,62.48,60.91,62.36,56186.86538,56186.86538
452,2020-04-26,60.55,62.0,59.84,61.33,60.55,62.0,59.84,61.33,61648.23511,61648.23511
453,2020-04-25,60.72,62.39,60.04,60.55,60.72,62.39,60.04,60.55,53175.29274,53175.29274
454,2020-04-24,59.27,62.45,59.18,60.68,59.27,62.45,59.18,60.68,72897.21584,72897.21584
455,2020-04-23,56.98,61.06,56.14,59.27,56.98,61.06,56.14,59.27,74876.13115,74876.13115
456,2020-04-22,55.14,57.35,54.73,56.95,55.14,57.35,54.73,56.95,54030.38594,54030.38594
457,2020-04-21,54.64,55.9,54.0,55.14,54.64,55.9,54.0,55.14,54194.16674,54194.16674
458,2020-04-20,57.02,58.38,53.96,54.69,57.02,58.38,53.96,54.69,68620.33465,68620.33465
459,2020-04-19,57.98,58.49,56.38,57.05,57.98,58.49,56.38,57.05,64000.51113,64000.51113
460,2020-04-18,56.2,58.8,55.96,58.04,56.2,58.8,55.96,58.04,61439.81283,61439.81283
461,2020-04-17,56.98,57.28,56.0,56.21,56.98,57.28,56.0,56.21,62431.75786,62431.75786
462,2020-04-16,53.11,57.65,51.56,56.9,53.11,57.65,51.56,56.9,133570.03403,133570.03403
463,2020-04-15,54.08,55.12,53.11,53.12,54.08,55.12,53.11,53.12,105132.30664,105132.30664
464,2020-04-14,53.04,55.22,52.65,54.09,53.04,55.22,52.65,54.09,78544.54869,78544.54869
465,2020-04-13,53.67,53.68,51.01,52.98,53.67,53.68,51.01,52.98,98275.0027,98275.0027
466,2020-04-12,53.84,55.64,52.81,53.68,53.84,55.64,52.81,53.68,76041.20897,76041.20897
467,2020-04-11,53.7,54.82,52.49,53.86,53.7,54.82,52.49,53.86,64901.31719,64901.31719
468,2020-04-10,58.37,58.48,52.43,53.7,58.37,58.48,52.43,53.7,99510.99145,99510.99145
469,2020-04-09,57.85,58.93,56.09,58.4,57.85,58.93,56.09,58.4,70792.84374,70792.84374
470,2020-04-08,55.97,58.28,55.55,57.88,55.97,58.28,55.55,57.88,82257.55004,82257.55004
471,2020-04-07,58.89,60.58,54.76,55.94,58.89,60.58,54.76,55.94,124691.67781,124691.67781
472,2020-04-06,53.15,59.23,53.14,58.93,53.15,59.23,53.14,58.93,122788.8981,122788.8981
473,2020-04-05,54.14,54.32,52.6,53.15,54.14,54.32,52.6,53.15,69488.98755,69488.98755
474,2020-04-04,52.98,55.3,52.12,54.11,52.98,55.3,52.12,54.11,133614.30853,133614.30853
475,2020-04-03,50.68,54.35,50.23,52.96,50.68,54.35,50.23,52.96,135822.79731,135822.79731
476,2020-04-02,48.47,53.0,47.92,50.75,48.47,53.0,47.92,50.75,127460.02239,127460.02239
477,2020-04-01,47.59,48.89,46.43,48.47,47.59,48.89,46.43,48.47,94140.72078,94140.72078
478,2020-03-31,46.48,48.55,46.36,47.6,46.48,48.55,46.36,47.6,104684.11339,104684.11339
479,2020-03-30,44.04,47.66,43.85,46.41,44.04,47.66,43.85,46.41,110255.71745,110255.71745
480,2020-03-29,47.13,47.31,43.96,44.04,47.13,47.31,43.96,44.04,72229.07183,72229.07183
481,2020-03-28,47.69,48.48,44.89,47.11,47.69,48.48,44.89,47.11,130406.93778,130406.93778
482,2020-03-27,50.28,51.44,47.37,47.7,50.28,51.44,47.37,47.7,104502.64593,104502.64593
483,2020-03-26,47.18,51.03,47.18,50.28,47.18,51.03,47.18,50.28,164697.75207,164697.75207
484,2020-03-25,47.13,48.14,45.06,47.15,47.13,48.14,45.06,47.15,118935.52705,118935.52705
485,2020-03-24,44.45,48.08,43.22,47.26,44.45,48.08,43.22,47.26,174599.77016,174599.77016
486,2020-03-23,38.19,46.75,37.59,44.45,38.19,46.75,37.59,44.45,151242.69515,151242.69515
487,2020-03-22,41.21,42.61,37.77,38.21,41.21,42.61,37.77,38.21,168994.43805,168994.43805
488,2020-03-21,40.35,45.46,38.41,41.23,40.35,45.46,38.41,41.23,200887.51854,200887.51854
489,2020-03-20,40.82,45.44,36.48,40.33,40.82,45.44,36.48,40.33,175376.25564,175376.25564
490,2020-03-19,37.12,42.88,36.05,40.87,37.12,42.88,36.05,40.87,162254.59273,162254.59273
491,2020-03-18,36.27,37.57,33.95,37.12,36.27,37.57,33.95,37.12,140960.94656,140960.94656
492,2020-03-17,34.05,37.47,33.49,36.26,34.05,37.47,33.49,36.26,110119.7225,110119.7225
493,2020-03-16,38.01,38.77,29.2,34.0,38.01,38.77,29.2,34.0,216900.34329,216900.34329
494,2020-03-15,36.18,41.25,35.68,38.01,36.18,41.25,35.68,38.01,138659.77134,138659.77134
495,2020-03-14,36.94,40.15,35.35,36.21,36.94,40.15,35.35,36.21,109242.17365,109242.17365
496,2020-03-13,31.83,40.45,25.08,36.92,31.83,40.45,25.08,36.92,267765.28941,267765.28941
497,2020-03-12,54.28,54.38,30.34,31.81,54.28,54.38,30.34,31.81,300131.3291,300131.3291
498,2020-03-11,54.87,56.04,50.97,54.2,54.87,56.04,50.97,54.2,71365.42885,71365.42885
499,2020-03-10,55.81,57.05,53.59,54.82,55.81,57.05,53.59,54.82,74260.92422,74260.92422
500,2020-03-09,56.38,57.71,52.23,55.77,56.38,57.71,52.23,55.77,119547.55597,119547.55597
501,2020-03-08,65.71,65.71,55.78,56.44,65.71,65.71,55.78,56.44,108856.47094,108856.47094
502,2020-03-07,69.12,69.58,65.15,65.71,69.12,69.58,65.15,65.71,64801.88028,64801.88028
503,2020-03-06,68.46,69.78,67.56,69.13,68.46,69.78,67.56,69.13,55041.31234,55041.31234
504,2020-03-05,65.72,70.05,65.72,68.46,65.72,70.05,65.72,68.46,38793.22803,38793.22803
505,2020-03-04,65.9,67.99,64.71,65.68,65.9,67.99,64.71,65.68,44799.42047,44799.42047
506,2020-03-03,68.87,69.0,65.0,65.89,68.87,69.0,65.0,65.89,50168.48198,50168.48198
507,2020-03-02,64.39,69.25,64.25,68.78,64.39,69.25,64.25,68.78,56632.41582,56632.41582
508,2020-03-01,65.9,67.75,63.26,64.53,65.9,67.75,63.26,64.53,51748.53249,51748.53249
509,2020-02-29,68.41,69.17,65.91,65.92,68.41,69.17,65.91,65.92,46744.02251,46744.02251
510,2020-02-28,70.26,71.55,66.05,68.41,70.26,71.55,66.05,68.41,67880.891,67880.891
511,2020-02-27,70.62,72.66,66.71,70.26,70.62,72.66,66.71,70.26,102439.36647,102439.36647
512,2020-02-26,76.48,77.94,68.38,70.61,76.48,77.94,68.38,70.61,94766.06591,94766.06591
513,2020-02-25,79.19,82.07,75.34,76.49,79.19,82.07,75.34,76.49,70490.55843,70490.55843
514,2020-02-24,85.13,86.3,76.89,79.2,85.13,86.3,76.89,79.2,80931.9311,80931.9311
515,2020-02-23,78.89,85.59,78.82,85.05,78.89,85.59,78.82,85.05,64150.70253,64150.70253
516,2020-02-22,80.27,82.82,78.0,78.9,80.27,82.82,78.0,78.9,90729.44324,90729.44324
517,2020-02-21,76.53,82.13,75.65,80.29,76.53,82.13,75.65,80.29,64280.53192,64280.53192
518,2020-02-20,77.71,79.13,74.97,76.39,77.71,79.13,74.97,76.39,109683.14036,109683.14036
519,2020-02-19,86.34,86.81,76.04,77.69,86.34,86.81,76.04,77.69,58141.47534,58141.47534
520,2020-02-18,82.65,87.26,81.12,86.34,82.65,87.26,81.12,86.34,67346.84381,67346.84381
521,2020-02-17,87.77,89.03,79.19,82.59,87.77,89.03,79.19,82.59,86651.7667,86651.7667
522,2020-02-16,89.17,92.15,79.51,87.8,89.17,92.15,79.51,87.8,89824.40075,89824.40075
523,2020-02-15,95.12,96.86,86.42,89.1,95.12,96.86,86.42,89.1,69017.88285,69017.88285
524,2020-02-14,92.25,95.2,90.75,95.16,92.25,95.2,90.75,95.16,49133.26383,49133.26383
525,2020-02-13,94.37,95.2,89.44,92.25,94.37,95.2,89.44,92.25,87832.38479,87832.38479
526,2020-02-12,89.45,94.67,89.1,94.29,89.45,94.67,89.1,94.29,103240.12183,103240.12183
527,2020-02-11,84.53,89.52,82.65,89.36,84.53,89.52,82.65,89.36,67868.15486,67868.15486
528,2020-02-10,87.63,87.9,83.22,84.53,87.63,87.9,83.22,84.53,61795.19253,61795.19253
529,2020-02-09,80.64,87.82,80.44,87.59,80.64,87.82,80.44,87.59,77002.1441,77002.1441
530,2020-02-08,79.47,81.59,76.85,80.64,79.47,81.59,76.85,80.64,48845.04025,48845.04025
531,2020-02-07,78.26,80.96,78.21,79.48,78.26,80.96,78.21,79.48,57073.6271,57073.6271
532,2020-02-06,77.83,80.11,76.38,78.3,77.83,80.11,76.38,78.3,52575.27104,52575.27104
533,2020-02-05,75.22,79.19,74.58,77.84,75.22,79.19,74.58,77.84,60236.11875,60236.11875
534,2020-02-04,76.77,77.39,73.7,75.17,76.77,77.39,73.7,75.17,51998.90241,51998.90241
535,2020-02-03,74.86,78.23,74.28,76.74,74.86,78.23,74.28,76.74,105463.1231,105463.1231
536,2020-02-02,73.25,77.86,70.99,74.89,73.25,77.86,70.99,74.89,89080.24342,89080.24342
537,2020-02-01,72.16,73.9,71.2,73.22,72.16,73.9,71.2,73.22,45816.64286,45816.64286
538,2020-01-31,74.9,76.02,69.37,72.16,74.9,76.02,69.37,72.16,95888.3118,95888.3118
539,2020-01-30,69.93,75.02,68.44,74.83,69.93,75.02,68.44,74.83,76932.17855,76932.17855
540,2020-01-29,67.87,70.84,67.34,70.02,67.87,70.84,67.34,70.02,55474.21068,55474.21068
541,2020-01-28,65.48,67.9,65.13,67.71,65.48,67.9,65.13,67.71,42159.48327,42159.48327
542,2020-01-27,64.02,66.32,63.41,65.44,64.02,66.32,63.41,65.44,38301.33204,38301.33204
543,2020-01-26,61.25,64.82,60.79,63.97,61.25,64.82,60.79,63.97,27159.87227,27159.87227
544,2020-01-25,61.65,62.57,59.87,61.35,61.65,62.57,59.87,61.35,20249.99616,20249.99616
545,2020-01-24,62.57,62.99,58.0,61.67,62.57,62.99,58.0,61.67,56646.65159,56646.65159
546,2020-01-23,65.09,65.09,61.15,62.55,65.09,65.09,61.15,62.55,24642.6579,24642.6579
547,2020-01-22,65.97,66.55,64.35,65.0,65.97,66.55,64.35,65.0,25926.81677,25926.81677
548,2020-01-21,64.98,66.88,64.07,65.87,64.98,66.88,64.07,65.87,25334.44886,25334.44886
549,2020-01-20,65.23,66.53,62.17,64.96,65.23,66.53,62.17,64.96,32916.73105,32916.73105
550,2020-01-19,67.0,69.47,62.74,65.17,67.0,69.47,62.74,65.17,48682.74962,48682.74962
551,2020-01-18,68.92,70.94,66.15,67.0,68.92,70.94,66.15,67.0,56225.67664,56225.67664
552,2020-01-17,65.65,72.0,64.05,68.95,65.65,72.0,64.05,68.95,90653.31089,90653.31089
553,2020-01-16,68.48,69.0,62.58,65.63,68.48,69.0,62.58,65.63,68525.82618,68525.82618
554,2020-01-15,62.47,69.36,61.81,68.47,62.47,69.36,61.81,68.47,176475.93404,176475.93404
555,2020-01-14,57.79,63.05,57.69,62.55,57.79,63.05,57.69,62.55,124253.45431,124253.45431
556,2020-01-13,59.21,59.22,56.66,57.72,59.21,59.22,56.66,57.72,53718.20923,53718.20923
557,2020-01-12,58.17,59.99,57.26,59.19,58.17,59.99,57.26,59.19,43850.34602,43850.34602
558,2020-01-11,58.43,64.25,57.9,58.25,58.43,64.25,57.9,58.25,144805.8889,144805.8889
559,2020-01-10,58.68,59.65,56.77,58.42,58.68,59.65,56.77,58.42,84463.61102,84463.61102
560,2020-01-09,59.46,59.53,56.76,58.68,59.46,59.53,56.76,58.68,62202.80563,62202.80563
561,2020-01-08,58.36,60.33,55.23,59.44,58.36,60.33,55.23,59.44,67288.71434,67288.71434
562,2020-01-07,58.89,60.17,55.4,58.36,58.89,60.17,55.4,58.36,76443.13328,76443.13328
563,2020-01-06,53.68,59.27,53.67,58.91,53.68,59.27,53.67,58.91,68723.76894,68723.76894
564,2020-01-05,50.35,54.26,50.34,53.69,50.35,54.26,50.34,53.69,54781.3655,54781.3655
565,2020-01-04,50.96,51.37,49.74,50.37,50.96,51.37,49.74,50.37,35053.35816,35053.35816
566,2020-01-03,45.54,51.77,45.45,50.93,45.54,51.77,45.45,50.93,156643.20919,156643.20919
567,2020-01-02,45.82,46.14,44.31,45.5,45.82,46.14,44.31,45.5,25354.44426,25354.44426
568,2020-01-01,44.67,45.89,44.54,45.82,44.67,45.89,44.54,45.82,18743.63854,18743.63854
569,2019-12-31,46.21,46.26,44.57,44.69,46.21,46.26,44.57,44.69,25352.09538,25352.09538
570,2019-12-30,46.53,46.72,45.62,46.17,46.53,46.72,45.62,46.17,31217.06684,31217.06684
571,2019-12-29,45.44,47.13,45.23,46.5,45.44,47.13,45.23,46.5,40830.83508,40830.83508
572,2019-12-28,45.11,45.85,44.92,45.43,45.11,45.85,44.92,45.43,32982.98393,32982.98393
573,2019-12-27,45.34,46.1,44.53,45.11,45.34,46.1,44.53,45.11,43084.37401,43084.37401
574,2019-12-26,45.99,46.55,44.85,45.31,45.99,46.55,44.85,45.31,44184.96061,44184.96061
575,2019-12-25,45.81,46.78,45.1,45.99,45.81,46.78,45.1,45.99,52884.28497,52884.28497
576,2019-12-24,47.18,47.94,45.55,45.82,47.18,47.94,45.55,45.82,80341.52655,80341.52655
577,2019-12-23,47.39,48.61,46.89,47.18,47.39,48.61,46.89,47.18,95648.58438,95648.58438
578,2019-12-22,44.99,47.97,44.96,47.34,44.99,47.97,44.96,47.34,109575.06435,109575.06435
579,2019-12-21,46.69,46.71,44.91,44.97,46.69,46.71,44.91,44.97,54748.36588,54748.36588
580,2019-12-20,47.4,47.54,46.48,46.64,47.4,47.54,46.48,46.64,40614.58241,40614.58241
581,2019-12-19,47.94,49.85,46.05,47.45,47.94,49.85,46.05,47.45,61832.58416,61832.58416
582,2019-12-18,45.08,49.19,43.75,47.76,45.08,49.19,43.75,47.76,63959.04777,63959.04777
583,2019-12-17,49.15,49.4,44.51,45.04,49.15,49.4,44.51,45.04,44462.38259,44462.38259
584,2019-12-16,50.81,51.1,48.28,49.11,50.81,51.1,48.28,49.11,23216.15568,23216.15568
585,2019-12-15,51.23,52.09,50.64,50.8,51.23,52.09,50.64,50.8,21132.4551,21132.4551
586,2019-12-14,52.44,52.72,50.9,51.31,52.44,52.72,50.9,51.31,22694.45701,22694.45701
587,2019-12-13,52.98,53.34,52.21,52.49,52.98,53.34,52.21,52.49,24866.74845,24866.74845
588,2019-12-12,53.0,53.97,51.01,52.93,53.0,53.97,51.01,52.93,34317.9408,34317.9408
589,2019-12-11,52.68,53.48,52.48,52.95,52.68,53.48,52.48,52.95,21749.40657,21749.40657
590,2019-12-10,54.43,54.72,52.12,52.7,54.43,54.72,52.12,52.7,27527.24797,27527.24797
591,2019-12-09,53.7,54.57,53.01,54.41,53.7,54.57,53.01,54.41,30648.33654,30648.33654
592,2019-12-08,54.25,54.82,53.47,53.68,54.25,54.82,53.47,53.68,18950.19183,18950.19183
593,2019-12-07,54.11,55.01,53.33,54.38,54.11,55.01,53.33,54.38,34153.67036,34153.67036
594,2019-12-06,53.74,55.5,52.82,54.03,53.74,55.5,52.82,54.03,34846.48127,34846.48127
595,2019-12-05,52.66,54.2,51.98,53.78,52.66,54.2,51.98,53.78,48664.38709,48664.38709
596,2019-12-04,53.28,57.3,51.65,52.61,53.28,57.3,51.65,52.61,47724.31918,47724.31918
597,2019-12-03,53.91,55.52,53.23,53.35,53.91,55.52,53.23,53.35,30911.3637,30911.3637
598,2019-12-02,53.48,54.58,52.25,53.88,53.48,54.58,52.25,53.88,20531.8036,20531.8036
599,2019-12-01,54.77,54.77,52.3,53.38,54.77,54.77,52.3,53.38,15930.67931,15930.67931
600,2019-11-30,55.72,56.05,53.58,54.86,55.72,56.05,53.58,54.86,12013.90841,12013.90841
601,2019-11-29,53.78,56.12,53.7,55.77,53.78,56.12,53.7,55.77,25600.45925,25600.45925
602,2019-11-28,55.73,58.89,53.57,53.81,55.73,58.89,53.57,53.81,45613.66414,45613.66414
603,2019-11-27,51.15,57.18,49.85,55.79,51.15,57.18,49.85,55.79,51583.90909,51583.90909
604,2019-11-26,49.87,52.11,49.53,51.18,49.87,52.11,49.53,51.18,45328.93584,45328.93584
605,2019-11-25,47.44,52.5,45.44,49.87,47.44,52.5,45.44,49.87,47607.65021,47607.65021
606,2019-11-24,51.56,51.86,47.16,47.44,51.56,51.86,47.16,47.44,39731.82631,39731.82631
607,2019-11-23,50.95,51.99,49.85,51.58,50.95,51.99,49.85,51.58,72611.87395,72611.87395
608,2019-11-22,54.11,54.92,47.5,50.99,54.11,54.92,47.5,50.99,78467.51356,78467.51356
609,2019-11-21,57.87,58.64,53.06,54.11,57.87,58.64,53.06,54.11,37649.79299,37649.79299
610,2019-11-20,58.49,59.21,57.61,57.9,58.49,59.21,57.61,57.9,36788.41511,36788.41511
611,2019-11-19,58.41,59.73,57.75,58.53,58.41,59.73,57.75,58.53,32747.87554,32747.87554
612,2019-11-18,61.66,61.94,57.73,58.41,61.66,61.94,57.73,58.41,35615.1012,35615.1012
613,2019-11-17,61.38,63.11,61.34,61.73,61.38,63.11,61.34,61.73,47674.0828,47674.0828
614,2019-11-16,61.84,62.88,61.05,61.38,61.84,62.88,61.05,61.38,26314.51277,26314.51277
615,2019-11-15,65.02,65.79,61.81,61.9,65.02,65.79,61.81,61.9,28631.69389,28631.69389
616,2019-11-14,65.33,65.55,63.72,65.02,65.33,65.55,63.72,65.02,26492.23632,26492.23632
617,2019-11-13,62.28,65.48,61.79,65.25,62.28,65.48,61.79,65.25,27483.80338,27483.80338
618,2019-11-12,61.71,66.0,61.46,62.26,61.71,66.0,61.46,62.26,49701.37797,49701.37797
619,2019-11-11,63.84,63.93,60.86,61.72,63.84,63.93,60.86,61.72,24227.04202,24227.04202
620,2019-11-10,61.91,64.67,61.65,63.78,61.91,64.67,61.65,63.78,22749.41617,22749.41617
621,2019-11-09,60.72,62.36,60.42,61.83,60.72,62.36,60.42,61.83,13929.55795,13929.55795
622,2019-11-08,63.04,63.61,59.88,60.77,63.04,63.61,59.88,60.77,26622.82769,26622.82769
623,2019-11-07,64.01,67.49,62.76,63.07,64.01,67.49,62.76,63.07,64175.83086,64175.83086
624,2019-11-06,62.73,64.5,62.37,64.0,62.73,64.5,62.37,64.0,30877.42167,30877.42167
625,2019-11-05,62.96,63.65,61.68,62.8,62.96,63.65,61.68,62.8,22296.70089,22296.70089
626,2019-11-04,63.32,64.16,62.27,62.98,63.32,64.16,62.27,62.98,35662.71544,35662.71544
627,2019-11-03,62.15,65.0,61.02,63.25,62.15,65.0,61.02,63.25,34905.52542,34905.52542
628,2019-11-02,60.65,63.08,60.43,62.15,60.65,63.08,60.43,62.15,24087.82555,24087.82555
629,2019-11-01,59.01,61.2,58.23,60.62,59.01,61.2,58.23,60.62,23164.8646,23164.8646
630,2019-10-31,58.41,60.05,56.94,59.01,58.41,60.05,56.94,59.01,25163.28079,25163.28079
631,2019-10-30,59.53,59.54,57.16,58.42,59.53,59.54,57.16,58.42,35488.1805,35488.1805
632,2019-10-29,59.29,63.12,58.92,59.49,59.29,63.12,58.92,59.49,42988.00685,42988.00685
633,2019-10-28,59.75,61.63,58.55,59.29,59.75,61.63,58.55,59.29,32090.22783,32090.22783
634,2019-10-27,56.69,61.24,55.44,59.67,56.69,61.24,55.44,59.67,39774.94386,39774.94386
635,2019-10-26,59.11,67.01,55.15,56.77,59.11,67.01,55.15,56.77,90818.1344,90818.1344
636,2019-10-25,53.38,60.0,52.24,59.05,53.38,60.0,52.24,59.05,55520.64087,55520.64087
637,2019-10-24,53.28,54.49,50.86,53.32,53.28,54.49,50.86,53.32,33496.47281,33496.47281
638,2019-10-23,56.6,57.28,52.0,53.27,56.6,57.28,52.0,53.27,48014.6345,48014.6345
639,2019-10-22,57.43,58.65,55.83,56.67,57.43,58.65,55.83,56.67,33645.81046,33645.81046
640,2019-10-21,56.34,59.37,55.57,57.51,56.34,59.37,55.57,57.51,36324.3814,36324.3814
641,2019-10-20,54.35,57.27,53.67,56.4,54.35,57.27,53.67,56.4,28168.48761,28168.48761
642,2019-10-19,55.22,55.3,53.33,54.42,55.22,55.3,53.33,54.42,43917.80151,43917.80151
643,2019-10-18,55.93,58.37,55.1,55.23,55.93,58.37,55.1,55.23,57033.68523,57033.68523
644,2019-10-17,54.8,60.61,54.51,55.92,54.8,60.61,54.51,55.92,127581.79113,127581.79113
645,2019-10-16,52.05,55.3,51.64,54.79,52.05,55.3,51.64,54.79,72445.62978,72445.62978
646,2019-10-15,53.06,53.9,51.65,52.1,53.06,53.9,51.65,52.1,31782.19135,31782.19135
647,2019-10-14,53.26,53.66,52.36,53.06,53.26,53.66,52.36,53.06,17580.43293,17580.43293
648,2019-10-13,53.55,54.05,52.32,53.25,53.55,54.05,52.32,53.25,23259.59336,23259.59336
649,2019-10-12,53.86,54.82,53.35,53.58,53.86,54.82,53.35,53.58,22033.77463,22033.77463
650,2019-10-11,55.69,56.63,53.82,53.93,55.69,56.63,53.82,53.93,29618.79508,29618.79508
651,2019-10-10,57.0,57.45,55.0,55.69,57.0,57.45,55.0,55.69,35639.72283,35639.72283
652,2019-10-09,55.37,57.45,54.88,57.0,55.37,57.45,54.88,57.0,34997.88113,34997.88113
653,2019-10-08,56.12,56.95,55.0,55.46,56.12,56.95,55.0,55.46,24302.37882,24302.37882
654,2019-10-07,54.68,57.08,54.19,56.11,54.68,57.08,54.19,56.11,34525.09543,34525.09543
655,2019-10-06,56.4,56.58,54.2,54.71,56.4,56.58,54.2,54.71,22196.37827,22196.37827
656,2019-10-05,57.11,57.62,55.17,56.41,57.11,57.62,55.17,56.41,34751.91933,34751.91933
657,2019-10-04,56.16,57.77,53.84,57.11,56.16,57.77,53.84,57.11,42074.23987,42074.23987
658,2019-10-03,55.93,57.23,54.07,56.13,55.93,57.23,54.07,56.13,26089.73413,26089.73413
659,2019-10-02,55.52,56.8,54.3,55.88,55.52,56.8,54.3,55.88,19011.50167,19011.50167
660,2019-10-01,56.81,58.28,50.0,55.5,56.81,58.28,50.0,55.5,22828.08566,22828.08566
661,2019-09-30,55.89,57.54,53.36,56.83,55.89,57.54,53.36,56.83,23050.43683,23050.43683
662,2019-09-29,57.66,57.81,54.49,55.82,57.66,57.81,54.49,55.82,14057.42727,14057.42727
663,2019-09-28,57.56,58.28,56.08,57.6,57.56,58.28,56.08,57.6,15462.06724,15462.06724
664,2019-09-27,57.17,70.0,54.06,57.48,57.17,70.0,54.06,57.48,181284.59618,181284.59618
665,2019-09-26,59.86,77.9,54.23,57.3,59.86,77.9,54.23,57.3,66266.17284,66266.17284
666,2019-09-25,58.7,61.35,57.3,59.59,58.7,61.35,57.3,59.59,25481.22867,25481.22867
667,2019-09-24,68.37,70.18,55.28,58.63,68.37,70.18,55.28,58.63,27972.03968,27972.03968
668,2019-09-23,73.0,73.18,68.11,68.49,73.0,73.18,68.11,68.49,13191.44974,13191.44974
669,2019-09-22,72.34,74.2,70.8,73.0,72.34,74.2,70.8,73.0,19604.14881,19604.14881
670,2019-09-21,73.78,73.91,71.95,72.33,73.78,73.91,71.95,72.33,12318.68095,12318.68095
671,2019-09-20,75.66,77.98,72.53,73.78,75.66,77.98,72.53,73.78,16026.20962,16026.20962
672,2019-09-19,80.89,81.58,72.5,75.77,80.89,81.58,72.5,75.77,29841.27483,29841.27483
673,2019-09-18,73.86,82.18,73.63,80.99,73.86,82.18,73.63,80.99,33312.43735,33312.43735
674,2019-09-17,75.37,75.47,73.05,73.73,75.37,75.47,73.05,73.73,15428.06594,15428.06594
675,2019-09-16,75.45,76.47,71.23,75.37,75.45,76.47,71.23,75.37,15821.29553,15821.29553
676,2019-09-15,76.08,76.5,73.99,75.45,76.08,76.5,73.99,75.45,5712.93481,5712.93481
677,2019-09-14,76.79,76.82,73.58,76.1,76.79,76.82,73.58,76.1,6202.47124,6202.47124
678,2019-09-13,74.89,76.79,72.68,76.79,74.89,76.79,72.68,76.79,5678.04398,5678.04398
679,2019-09-12,74.18,75.42,71.52,74.88,74.18,75.42,71.52,74.88,8008.42901,8008.42901
680,2019-09-11,72.05,74.19,69.43,74.18,72.05,74.19,69.43,74.18,11528.42894,11528.42894
681,2019-09-10,74.98,76.0,71.5,72.27,74.98,76.0,71.5,72.27,11768.49972,11768.49972
682,2019-09-09,77.03,77.55,70.2,74.94,77.03,77.55,70.2,74.94,7966.79299,7966.79299
683,2019-09-08,77.97,78.98,75.55,77.15,77.97,78.98,75.55,77.15,4943.06239,4943.06239
684,2019-09-07,75.02,78.59,73.78,78.0,75.02,78.59,73.78,78.0,4684.55932,4684.55932
685,2019-09-06,76.07,79.71,74.83,75.22,76.07,79.71,74.83,75.22,9994.84598,9994.84598
686,2019-09-05,73.98,78.0,73.52,75.97,73.98,78.0,73.52,75.97,11876.04647,11876.04647
687,2019-09-04,74.78,75.01,71.41,73.79,74.78,75.01,71.41,73.79,8002.09041,8002.09041
688,2019-09-03,73.25,75.75,72.87,74.78,73.25,75.75,72.87,74.78,10246.19674,10246.19674
689,2019-09-02,71.32,74.06,69.67,73.05,71.32,74.06,69.67,73.05,11150.06436,11150.06436
690,2019-09-01,67.31,74.61,66.63,71.34,67.31,74.61,66.63,71.34,6897.75312,6897.75312
691,2019-08-31,67.85,68.34,66.07,67.34,67.85,68.34,66.07,67.34,3275.36729,3275.36729
692,2019-08-30,66.9,68.32,65.7,67.82,66.9,68.32,65.7,67.82,6732.76183,6732.76183
693,2019-08-29,72.1,72.1,66.71,66.9,72.1,72.1,66.71,66.9,7727.18429,7727.18429
694,2019-08-28,78.5,79.77,71.41,72.1,78.5,79.77,71.41,72.1,9797.75944,9797.75944
695,2019-08-27,79.7,80.08,77.56,78.5,79.7,80.08,77.56,78.5,4241.47133,4241.47133
696,2019-08-26,80.75,83.91,79.04,79.75,80.75,83.91,79.04,79.75,5254.40179,5254.40179
697,2019-08-25,80.46,82.33,79.0,80.6,80.46,82.33,79.0,80.6,4828.89092,4828.89092
698,2019-08-24,82.08,82.2,78.06,80.52,82.08,82.2,78.06,80.52,4830.64267,4830.64267
699,2019-08-23,82.02,83.5,80.91,82.08,82.02,83.5,80.91,82.08,4933.07119,4933.07119
700,2019-08-22,81.0,83.36,78.22,82.02,81.0,83.36,78.22,82.02,4453.8844,4453.8844
701,2019-08-21,85.84,86.51,78.81,80.84,85.84,86.51,78.81,80.84,7850.57487,7850.57487
702,2019-08-20,89.5,91.02,84.28,85.61,89.5,91.02,84.28,85.61,7415.67288,7415.67288
703,2019-08-19,87.75,91.28,84.18,89.32,87.75,91.28,84.18,89.32,7044.43488,7044.43488
704,2019-08-18,81.9,87.92,81.54,87.75,81.9,87.92,81.54,87.75,4544.88268,4544.88268
705,2019-08-17,81.69,83.84,80.82,81.52,81.69,83.84,80.82,81.52,3782.16973,3782.16973
706,2019-08-16,82.44,83.5,78.0,82.25,82.44,83.5,78.0,82.25,7031.6918,7031.6918
707,2019-08-15,79.04,82.88,78.11,82.44,79.04,82.88,78.11,82.44,4279.06584,4279.06584
708,2019-08-14,85.57,85.78,78.1,78.9,85.57,85.78,78.1,78.9,7671.97468,7671.97468
709,2019-08-13,91.14,92.0,84.75,85.78,91.14,92.0,84.75,85.78,11248.43171,11248.43171
710,2019-08-12,92.3,92.49,89.5,91.21,92.3,92.49,89.5,91.21,2740.82502,2740.82502
711,2019-08-11,90.74,93.12,88.7,92.3,90.74,93.12,88.7,92.3,6248.07281,6248.07281
712,2019-08-10,93.62,95.0,90.07,90.78,93.62,95.0,90.07,90.78,4971.03447,4971.03447
713,2019-08-09,95.55,96.0,91.01,93.4,95.55,96.0,91.01,93.4,7928.63379,7928.63379
714,2019-08-08,97.43,97.92,91.44,95.55,97.43,97.92,91.44,95.55,10203.96016,10203.96016
715,2019-08-07,89.64,98.1,88.99,97.43,89.64,98.1,88.99,97.43,11463.55455,11463.55455
716,2019-08-06,93.51,96.7,88.0,89.9,93.51,96.7,88.0,89.9,9765.31877,9765.31877
717,2019-08-05,87.66,95.0,87.63,93.55,87.66,95.0,87.63,93.55,12038.27369,12038.27369
718,2019-08-04,87.9,88.9,85.39,87.76,87.9,88.9,85.39,87.76,8305.22644,8305.22644
719,2019-08-03,84.1,88.14,83.95,88.03,84.1,88.14,83.95,88.03,6127.24771,6127.24771
720,2019-08-02,82.18,85.21,81.49,83.93,82.18,85.21,81.49,83.93,5608.9858,5608.9858
721,2019-08-01,80.64,82.71,79.65,82.15,80.64,82.71,79.65,82.15,4331.686,4331.686
722,2019-07-31,78.09,82.67,77.84,80.46,78.09,82.67,77.84,80.46,6797.22768,6797.22768
723,2019-07-30,78.0,80.83,77.47,78.24,78.0,80.83,77.47,78.24,5545.15821,5545.15821
724,2019-07-29,80.31,81.69,77.73,78.28,80.31,81.69,77.73,78.28,4605.32411,4605.32411
725,2019-07-28,78.85,83.66,77.18,80.18,78.85,83.66,77.18,80.18,5220.13327,5220.13327
726,2019-07-27,80.1,83.19,77.43,78.89,80.1,83.19,77.43,78.89,7304.96189,7304.96189
727,2019-07-26,80.95,81.37,78.48,80.2,80.95,81.37,78.48,80.2,7363.37644,7363.37644
728,2019-07-25,80.32,83.67,80.25,81.04,80.32,83.67,80.25,81.04,5326.45088,5326.45088
729,2019-07-24,81.01,82.18,78.39,80.44,81.01,82.18,78.39,80.44,6680.75108,6680.75108
730,2019-07-23,83.43,84.03,80.16,81.09,83.43,84.03,80.16,81.09,6902.22492,6902.22492
731,2019-07-22,84.23,85.57,81.06,83.48,84.23,85.57,81.06,83.48,8944.73245,8944.73245
732,2019-07-21,84.89,88.14,83.12,84.1,84.89,88.14,83.12,84.1,7252.22705,7252.22705
733,2019-07-20,82.05,87.73,81.37,85.35,82.05,87.73,81.37,85.35,14521.37357,14521.37357
734,2019-07-19,83.83,84.66,80.18,82.05,83.83,84.66,80.18,82.05,17515.48937,17515.48937
735,2019-07-18,76.8,85.7,74.82,84.06,76.8,85.7,74.82,84.06,18391.31879,18391.31879
736,2019-07-17,74.25,80.6,71.8,76.59,74.25,80.6,71.8,76.59,22498.2688,22498.2688
737,2019-07-16,88.84,89.37,73.5,74.22,88.84,89.37,73.5,74.22,21284.51313,21284.51313
738,2019-07-15,85.94,90.52,76.01,88.84,85.94,90.52,76.01,88.84,29400.01419,29400.01419
739,2019-07-14,93.39,94.74,85.01,86.23,93.39,94.74,85.01,86.23,21528.0018,21528.0018
740,2019-07-13,98.08,98.08,89.03,93.49,98.08,98.08,89.03,93.49,11241.95235,11241.95235
741,2019-07-12,89.76,98.41,86.13,98.08,89.76,98.41,86.13,98.08,10804.74301,10804.74301
742,2019-07-11,95.0,95.37,87.3,89.75,95.0,95.37,87.3,89.75,14751.40184,14751.40184
743,2019-07-10,99.35,101.82,92.47,95.0,99.35,101.82,92.47,95.0,15019.71232,15019.71232
744,2019-07-09,101.16,104.67,97.42,99.35,101.16,104.67,97.42,99.35,11394.17689,11394.17689
745,2019-07-08,106.78,107.4,99.93,101.15,106.78,107.4,99.93,101.15,21365.03046,21365.03046
746,2019-07-07,94.58,107.07,93.0,106.99,94.58,107.07,93.0,106.99,19828.441,19828.441
747,2019-07-06,89.4,98.98,89.39,94.65,89.4,98.98,89.39,94.65,25713.19329,25713.19329
748,2019-07-05,87.63,92.65,86.18,89.45,87.63,92.65,86.18,89.45,10878.13902,10878.13902
749,2019-07-04,89.93,92.9,87.14,87.65,89.93,92.9,87.14,87.65,14815.03405,14815.03405
750,2019-07-03,86.78,92.4,85.59,89.84,86.78,92.4,85.59,89.84,22812.01135,22812.01135
751,2019-07-02,88.96,89.6,82.43,86.73,88.96,89.6,82.43,86.73,21375.88579,21375.88579
752,2019-07-01,88.74,94.8,84.14,88.96,88.74,94.8,84.14,88.96,25094.33496,25094.33496
753,2019-06-30,100.27,100.96,87.8,88.71,100.27,100.96,87.8,88.71,19417.20628,19417.20628
754,2019-06-29,102.0,102.09,93.2,99.93,102.0,102.09,93.2,99.93,14519.59403,14519.59403
755,2019-06-28,96.39,103.0,94.28,102.06,96.39,103.0,94.28,102.06,23897.83876,23897.83876
756,2019-06-27,105.0,106.91,89.31,96.38,105.0,106.91,89.31,96.38,45856.10467,45856.10467
757,2019-06-26,112.33,114.43,99.51,105.0,112.33,114.43,99.51,105.0,79140.38783,79140.38783
758,2019-06-25,117.87,118.39,111.43,112.3,117.87,118.39,111.43,112.3,20565.13464,20565.13464
759,2019-06-24,115.68,119.98,112.64,117.86,115.68,119.98,112.64,117.86,12161.42684,12161.42684
760,2019-06-23,115.65,121.55,114.21,116.01,115.65,121.55,114.21,116.01,14517.91873,14517.91873
761,2019-06-22,109.5,119.07,107.57,115.48,109.5,119.07,107.57,115.48,26341.54906,26341.54906
762,2019-06-21,105.24,110.09,105.24,109.54,105.24,110.09,105.24,109.54,20466.16925,20466.16925
763,2019-06-20,100.37,109.01,99.73,105.07,100.37,109.01,99.73,105.07,30271.81513,30271.81513
764,2019-06-19,96.49,102.31,95.81,100.19,96.49,102.31,95.81,100.19,17807.59049,17807.59049
765,2019-06-18,98.3,98.98,95.03,96.49,98.3,98.98,95.03,96.49,9353.88194,9353.88194
766,2019-06-17,95.99,99.68,95.99,98.71,95.99,99.68,95.99,98.71,13294.6198,13294.6198
767,2019-06-16,94.85,97.82,93.8,95.99,94.85,97.82,93.8,95.99,10278.45841,10278.45841
768,2019-06-15,90.52,95.23,89.78,94.72,90.52,95.23,89.78,94.72,14677.60094,14677.60094
769,2019-06-14,89.35,90.7,87.0,90.29,89.35,90.7,87.0,90.29,10244.47299,10244.47299
770,2019-06-13,90.1,91.98,89.01,89.26,90.1,91.98,89.01,89.26,10717.84928,10717.84928
771,2019-06-12,86.19,90.14,85.38,90.1,86.19,90.14,85.38,90.1,10887.79337,10887.79337
772,2019-06-11,86.72,87.5,85.28,86.13,86.72,87.5,85.28,86.13,6339.17915,6339.17915
773,2019-06-10,83.04,87.36,82.29,86.72,83.04,87.36,82.29,86.72,6575.96616,6575.96616
774,2019-06-09,87.29,87.89,82.07,83.38,87.29,87.89,82.07,83.38,9455.74156,9455.74156
775,2019-06-08,87.64,88.52,85.89,87.32,87.64,88.52,85.89,87.32,4056.75701,4056.75701
776,2019-06-07,86.73,89.52,85.09,88.0,86.73,89.52,85.09,88.0,10052.83018,10052.83018
777,2019-06-06,84.63,87.14,82.78,86.69,84.63,87.14,82.78,86.69,9642.1719,9642.1719
778,2019-06-05,83.65,87.0,82.87,84.65,83.65,87.0,82.87,84.65,8431.71469,8431.71469
779,2019-06-04,88.81,89.0,81.17,83.65,88.81,89.0,81.17,83.65,11825.09013,11825.09013
780,2019-06-03,94.77,96.0,88.83,88.85,94.77,96.0,88.83,88.85,8904.17858,8904.17858
781,2019-06-02,92.82,96.14,92.56,94.77,92.82,96.14,92.56,94.77,4403.96219,4403.96219
782,2019-06-01,93.25,93.93,91.07,92.96,93.25,93.93,91.07,92.96,11483.95396,11483.95396
783,2019-05-31,91.69,93.66,89.07,93.25,91.69,93.66,89.07,93.25,8083.30206,8083.30206
784,2019-05-30,93.77,98.99,88.28,91.61,93.77,98.99,88.28,91.61,15633.5112,15633.5112
785,2019-05-29,95.63,95.91,90.0,93.81,95.63,95.91,90.0,93.81,9949.82174,9949.82174
786,2019-05-28,97.31,98.47,95.28,95.93,97.31,98.47,95.28,95.93,7523.91455,7523.91455
787,2019-05-27,91.22,98.84,91.22,97.43,91.22,98.84,91.22,97.43,13539.46342,13539.46342
788,2019-05-26,86.67,92.39,85.0,91.3,86.67,92.39,85.0,91.3,12335.57747,12335.57747
789,2019-05-25,85.32,87.31,85.02,86.8,85.32,87.31,85.02,86.8,5615.95591,5615.95591
790,2019-05-24,84.81,86.93,83.36,85.44,84.81,86.93,83.36,85.44,9096.99016,9096.99016
791,2019-05-23,83.19,85.34,80.66,84.69,83.19,85.34,80.66,84.69,8565.1374,8565.1374
792,2019-05-22,88.51,91.27,80.18,83.07,88.51,91.27,80.18,83.07,17803.41345,17803.41345
793,2019-05-21,87.14,92.5,87.06,88.51,87.14,92.5,87.06,88.51,16885.20812,16885.20812
794,2019-05-20,89.72,90.3,84.0,87.19,89.72,90.3,84.0,87.19,11784.15685,11784.15685
795,2019-05-19,79.55,90.6,79.39,90.09,79.55,90.6,79.39,90.09,15529.76599,15529.76599
796,2019-05-18,82.61,83.0,78.95,79.75,82.61,83.0,78.95,79.75,10043.79016,10043.79016
797,2019-05-17,87.1,87.79,76.25,82.61,87.1,87.79,76.25,82.61,14493.81658,14493.81658
798,2019-05-16,94.01,97.27,84.51,87.2,94.01,97.27,84.51,87.2,19593.50079,19593.50079
799,2019-05-15,83.46,95.03,82.37,94.0,83.46,95.03,82.37,94.0,12453.84595,12453.84595
800,2019-05-14,79.51,84.91,72.0,83.46,79.51,84.91,72.0,83.46,10703.24128,10703.24128
801,2019-05-13,75.45,82.67,74.86,79.53,75.45,82.67,74.86,79.53,9969.95875,9969.95875
802,2019-05-12,77.5,81.4,71.6,75.66,77.5,81.4,71.6,75.66,15792.30652,15792.30652
803,2019-05-11,68.87,81.72,68.87,77.73,68.87,81.72,68.87,77.73,16162.74421,16162.74421
804,2019-05-10,65.79,69.33,64.97,68.84,65.79,69.33,64.97,68.84,4925.69109,4925.69109
805,2019-05-09,68.06,69.19,64.26,65.61,68.06,69.19,64.26,65.61,5488.80394,5488.80394
806,2019-05-08,65.93,68.29,65.12,67.93,65.93,68.29,65.12,67.93,3580.67708,3580.67708
807,2019-05-07,67.5,71.21,65.83,65.93,67.5,71.21,65.83,65.93,15408.82311,15408.82311
808,2019-05-06,66.71,68.29,64.67,67.5,66.71,68.29,64.67,67.5,9994.15459,9994.15459
809,2019-05-05,68.5,68.99,65.98,66.52,68.5,68.99,65.98,66.52,7426.58798,7426.58798
810,2019-05-04,67.5,68.97,65.7,68.4,67.5,68.97,65.7,68.4,8906.19039,8906.19039
811,2019-05-03,65.1,68.58,64.59,67.46,65.1,68.58,64.59,67.46,7737.58686,7737.58686
812,2019-05-02,65.48,66.5,63.92,65.1,65.48,66.5,63.92,65.1,7072.43933,7072.43933
813,2019-05-01,62.66,65.64,62.66,65.64,62.66,65.64,62.66,65.64,6909.20936,6909.20936
814,2019-04-30,61.08,62.78,60.69,62.55,61.08,62.78,60.69,62.55,7116.48954,7116.48954
815,2019-04-29,61.92,62.56,60.11,61.08,61.92,62.56,60.11,61.08,5090.66645,5090.66645
816,2019-04-28,63.0,63.54,61.42,62.07,63.0,63.54,61.42,62.07,3725.81523,3725.81523
817,2019-04-27,62.45,64.58,62.0,63.12,62.45,64.58,62.0,63.12,11767.77602,11767.77602
818,2019-04-26,61.7,65.42,60.03,62.5,61.7,65.42,60.03,62.5,13292.24296,13292.24296
819,2019-04-25,67.37,67.48,61.49,61.49,67.37,67.48,61.49,61.49,12369.12256,12369.12256
820,2019-04-24,68.29,70.45,64.36,67.31,68.29,70.45,64.36,67.31,21241.3665,21241.3665
821,2019-04-23,68.22,70.75,67.44,68.29,68.22,70.75,67.44,68.29,16321.11545,16321.11545
822,2019-04-22,68.18,69.05,67.19,68.17,68.18,69.05,67.19,68.17,11642.48789,11642.48789
823,2019-04-21,69.19,69.99,66.45,68.29,69.19,69.99,66.45,68.29,5720.06413,5720.06413
824,2019-04-20,68.29,69.96,67.12,69.35,68.29,69.96,67.12,69.35,9803.32069,9803.32069
825,2019-04-19,68.71,69.4,67.03,68.27,68.71,69.4,67.03,68.27,6030.19858,6030.19858
826,2019-04-18,67.02,69.88,67.02,68.74,67.02,69.88,67.02,68.74,8005.32478,8005.32478
827,2019-04-17,68.16,69.4,66.23,67.01,68.16,69.4,66.23,67.01,8379.57723,8379.57723
828,2019-04-16,63.81,69.66,63.41,68.16,63.81,69.66,63.41,68.16,10606.91949,10606.91949
829,2019-04-15,66.32,66.82,63.27,63.91,66.32,66.82,63.27,63.91,6987.37941,6987.37941
830,2019-04-14,64.82,67.0,63.81,66.25,64.82,67.0,63.81,66.25,9393.30988,9393.30988
831,2019-04-13,65.39,67.36,63.07,64.92,65.39,67.36,63.07,64.92,9722.91175,9722.91175
832,2019-04-12,66.1,68.5,64.36,65.73,66.1,68.5,64.36,65.73,12377.68428,12377.68428
833,2019-04-11,70.64,71.17,61.51,65.97,70.64,71.17,61.51,65.97,17040.10943,17040.10943
834,2019-04-10,67.75,72.0,67.49,70.86,67.75,72.0,67.49,70.86,13288.04389,13288.04389
835,2019-04-09,70.42,70.55,66.82,67.75,70.42,70.55,66.82,67.75,14689.79196,14689.79196
836,2019-04-08,69.35,72.27,67.4,70.47,69.35,72.27,67.4,70.47,17181.60679,17181.60679
837,2019-04-07,67.87,70.09,67.63,69.34,67.87,70.09,67.63,69.34,6695.73288,6695.73288
838,2019-04-06,68.93,69.97,66.32,67.82,68.93,69.97,66.32,67.82,16698.18642,16698.18642
839,2019-04-05,63.77,69.08,63.22,69.08,63.77,69.08,63.22,69.08,16267.2802,16267.2802
840,2019-04-04,65.88,66.77,61.15,63.57,65.88,66.77,61.15,63.57,14457.30872,14457.30872
841,2019-04-03,68.83,72.9,60.01,65.88,68.83,72.9,60.01,65.88,36232.35681,36232.35681
842,2019-04-02,60.05,70.0,58.87,68.94,60.05,70.0,58.87,68.94,31894.06812,31894.06812
843,2019-04-01,56.01,60.5,55.66,60.13,56.01,60.5,55.66,60.13,16485.98216,16485.98216
844,2019-03-31,53.5,56.83,50.56,56.07,53.5,56.83,50.56,56.07,12798.87428,12798.87428
845,2019-03-30,53.58,54.0,53.01,53.53,53.58,54.0,53.01,53.53,3337.9065,3337.9065
846,2019-03-29,52.57,54.15,52.18,53.72,52.57,54.15,52.18,53.72,6652.54724,6652.54724
847,2019-03-28,53.27,53.35,52.18,52.8,53.27,53.35,52.18,52.8,8971.55712,8971.55712
848,2019-03-27,51.81,53.6,51.67,53.48,51.81,53.6,51.67,53.48,4570.70984,4570.70984
849,2019-03-26,51.28,52.05,49.76,51.74,51.28,52.05,49.76,51.74,5716.81669,5716.81669
850,2019-03-25,52.57,52.92,50.0,51.21,52.57,52.92,50.0,51.21,8674.60473,8674.60473
851,2019-03-24,52.56,52.89,52.2,52.64,52.56,52.89,52.2,52.64,3765.42597,3765.42597
852,2019-03-23,52.9,53.25,51.93,52.67,52.9,53.25,51.93,52.67,4902.64719,4902.64719
853,2019-03-22,52.22,53.25,51.83,52.66,52.22,53.25,51.83,52.66,3488.38037,3488.38037
854,2019-03-21,54.29,54.29,50.0,52.28,54.29,54.29,50.0,52.28,7047.37704,7047.37704
855,2019-03-20,52.83,54.6,52.41,54.19,52.83,54.6,52.41,54.19,8340.92803,8340.92803
856,2019-03-19,51.93,54.0,51.61,52.9,51.93,54.0,51.61,52.9,6567.87086,6567.87086
857,2019-03-18,52.38,53.01,51.27,52.06,52.38,53.01,51.27,52.06,4037.80163,4037.80163
858,2019-03-17,53.56,53.57,51.54,52.36,53.56,53.57,51.54,52.36,3314.97426,3314.97426
859,2019-03-16,52.1,54.89,52.1,53.35,52.1,54.89,52.1,53.35,8103.46093,8103.46093
860,2019-03-15,51.99,52.22,48.67,52.1,51.99,52.22,48.67,52.1,4908.5377,4908.5377
